Time,Spring_0:a_end,Spring_0:b_end,FixedHook0:x,Block0:x
0.00000,0.05000,1.45000,0.00000,1.50000
0.01000,0.05000,1.44997,0.00000,1.49997
0.02000,0.05000,1.44990,0.00000,1.49990
0.03000,0.05000,1.44978,0.00000,1.49978
0.04000,0.05000,1.44962,0.00000,1.49962
0.05000,0.05000,1.44942,0.00000,1.49942
0.06000,0.05000,1.44919,0.00000,1.49919
0.07000,0.05000,1.44891,0.00000,1.49891
0.08000,0.05000,1.44859,0.00000,1.49859
0.09000,0.05000,1.44824,0.00000,1.49824
0.10000,0.05000,1.44785,0.00000,1.49785
0.11000,0.05000,1.44741,0.00000,1.49741
0.12000,0.05000,1.44694,0.00000,1.49694
0.13000,0.05000,1.44643,0.00000,1.49643
0.14000,0.05000,1.44587,0.00000,1.49587
0.15000,0.05000,1.44528,0.00000,1.49528
0.16000,0.05000,1.44465,0.00000,1.49465
0.17000,0.05000,1.44398,0.00000,1.49398
0.18000,0.05000,1.44327,0.00000,1.49327
0.19000,0.05000,1.44253,0.00000,1.49253
0.20000,0.05000,1.44174,0.00000,1.49174
0.21000,0.05000,1.44092,0.00000,1.49092
0.22000,0.05000,1.44005,0.00000,1.49005
0.23000,0.05000,1.43915,0.00000,1.48915
0.24000,0.05000,1.43821,0.00000,1.48821
0.25000,0.05000,1.43723,0.00000,1.48723
0.26000,0.05000,1.43621,0.00000,1.48621
0.27000,0.05000,1.43516,0.00000,1.48516
0.28000,0.05000,1.43406,0.00000,1.48406
0.29000,0.05000,1.43293,0.00000,1.48293
0.30000,0.05000,1.43176,0.00000,1.48176
0.31000,0.05000,1.43055,0.00000,1.48055
0.32000,0.05000,1.42931,0.00000,1.47931
0.33000,0.05000,1.42803,0.00000,1.47803
0.34000,0.05000,1.42671,0.00000,1.47671
0.35000,0.05000,1.42535,0.00000,1.47535
0.36000,0.05000,1.42395,0.00000,1.47395
0.37000,0.05000,1.42252,0.00000,1.47252
0.38000,0.05000,1.42105,0.00000,1.47105
0.39000,0.05000,1.41955,0.00000,1.46955
0.40000,0.05000,1.41801,0.00000,1.46801
0.41000,0.05000,1.41643,0.00000,1.46643
0.42000,0.05000,1.41481,0.00000,1.46481
0.43000,0.05000,1.41316,0.00000,1.46316
0.44000,0.05000,1.41148,0.00000,1.46148
0.45000,0.05000,1.40975,0.00000,1.45975
0.46000,0.05000,1.40799,0.00000,1.45799
0.47000,0.05000,1.40620,0.00000,1.45620
0.48000,0.05000,1.40437,0.00000,1.45437
0.49000,0.05000,1.40251,0.00000,1.45251
0.50000,0.05000,1.40061,0.00000,1.45061
0.51000,0.05000,1.39868,0.00000,1.44868
0.52000,0.05000,1.39671,0.00000,1.44671
0.53000,0.05000,1.39471,0.00000,1.44471
0.54000,0.05000,1.39267,0.00000,1.44267
0.55000,0.05000,1.39060,0.00000,1.44060
0.56000,0.05000,1.38849,0.00000,1.43849
0.57000,0.05000,1.38636,0.00000,1.43636
0.58000,0.05000,1.38418,0.00000,1.43418
0.59000,0.05000,1.38198,0.00000,1.43198
0.60000,0.05000,1.37974,0.00000,1.42974
0.61000,0.05000,1.37747,0.00000,1.42747
0.62000,0.05000,1.37517,0.00000,1.42517
0.63000,0.05000,1.37284,0.00000,1.42284
0.64000,0.05000,1.37047,0.00000,1.42047
0.65000,0.05000,1.36807,0.00000,1.41807
0.66000,0.05000,1.36564,0.00000,1.41564
0.67000,0.05000,1.36318,0.00000,1.41318
0.68000,0.05000,1.36069,0.00000,1.41069
0.69000,0.05000,1.35817,0.00000,1.40817
0.70000,0.05000,1.35562,0.00000,1.40562
0.71000,0.05000,1.35303,0.00000,1.40303
0.72000,0.05000,1.35042,0.00000,1.40042
0.73000,0.05000,1.34778,0.00000,1.39778
0.74000,0.05000,1.34510,0.00000,1.39510
0.75000,0.05000,1.34240,0.00000,1.39240
0.76000,0.05000,1.33967,0.00000,1.38967
0.77000,0.05000,1.33691,0.00000,1.38691
0.78000,0.05000,1.33412,0.00000,1.38412
0.79000,0.05000,1.33131,0.00000,1.38131
0.80000,0.05000,1.32846,0.00000,1.37846
0.81000,0.05000,1.32559,0.00000,1.37559
0.82000,0.05000,1.32269,0.00000,1.37269
0.83000,0.05000,1.31977,0.00000,1.36977
0.84000,0.05000,1.31682,0.00000,1.36682
0.85000,0.05000,1.31384,0.00000,1.36384
0.86000,0.05000,1.31083,0.00000,1.36083
0.87000,0.05000,1.30780,0.00000,1.35780
0.88000,0.05000,1.30475,0.00000,1.35475
0.89000,0.05000,1.30166,0.00000,1.35166
0.90000,0.05000,1.29856,0.00000,1.34856
0.91000,0.05000,1.29543,0.00000,1.34543
0.92000,0.05000,1.29227,0.00000,1.34227
0.93000,0.05000,1.28909,0.00000,1.33909
0.94000,0.05000,1.28589,0.00000,1.33589
0.95000,0.05000,1.28266,0.00000,1.33266
0.96000,0.05000,1.27941,0.00000,1.32941
0.97000,0.05000,1.27614,0.00000,1.32614
0.98000,0.05000,1.27285,0.00000,1.32285
0.99000,0.05000,1.26953,0.00000,1.31953
1.00000,0.05000,1.26619,0.00000,1.31619
1.01000,0.05000,1.26283,0.00000,1.31283
1.02000,0.05000,1.25945,0.00000,1.30945
1.03000,0.05000,1.25605,0.00000,1.30605
1.04000,0.05000,1.25263,0.00000,1.30263
1.05000,0.05000,1.24919,0.00000,1.29919
1.06000,0.05000,1.24572,0.00000,1.29572
1.07000,0.05000,1.24224,0.00000,1.29224
1.08000,0.05000,1.23874,0.00000,1.28874
1.09000,0.05000,1.23522,0.00000,1.28522
1.10000,0.05000,1.23169,0.00000,1.28169
1.11000,0.05000,1.22813,0.00000,1.27813
1.12000,0.05000,1.22456,0.00000,1.27456
1.13000,0.05000,1.22097,0.00000,1.27097
1.14000,0.05000,1.21736,0.00000,1.26736
1.15000,0.05000,1.21374,0.00000,1.26374
1.16000,0.05000,1.21010,0.00000,1.26010
1.17000,0.05000,1.20644,0.00000,1.25644
1.18000,0.05000,1.20277,0.00000,1.25277
1.19000,0.05000,1.19908,0.00000,1.24908
1.20000,0.05000,1.19538,0.00000,1.24538
1.21000,0.05000,1.19167,0.00000,1.24167
1.22000,0.05000,1.18794,0.00000,1.23794
1.23000,0.05000,1.18419,0.00000,1.23419
1.24000,0.05000,1.18044,0.00000,1.23044
1.25000,0.05000,1.17667,0.00000,1.22667
1.26000,0.05000,1.17289,0.00000,1.22289
1.27000,0.05000,1.16909,0.00000,1.21909
1.28000,0.05000,1.16529,0.00000,1.21529
1.29000,0.05000,1.16147,0.00000,1.21147
1.30000,0.05000,1.15764,0.00000,1.20764
1.31000,0.05000,1.15380,0.00000,1.20380
1.32000,0.05000,1.14995,0.00000,1.19995
1.33000,0.05000,1.14609,0.00000,1.19609
1.34000,0.05000,1.14222,0.00000,1.19222
1.35000,0.05000,1.13835,0.00000,1.18835
1.36000,0.05000,1.13446,0.00000,1.18446
1.37000,0.05000,1.13056,0.00000,1.18056
1.38000,0.05000,1.12666,0.00000,1.17666
1.39000,0.05000,1.12275,0.00000,1.17275
1.40000,0.05000,1.11883,0.00000,1.16883
1.41000,0.05000,1.11491,0.00000,1.16491
1.42000,0.05000,1.11098,0.00000,1.16098
1.43000,0.05000,1.10704,0.00000,1.15704
1.44000,0.05000,1.10310,0.00000,1.15310
1.45000,0.05000,1.09915,0.00000,1.14915
1.46000,0.05000,1.09520,0.00000,1.14520
1.47000,0.05000,1.09124,0.00000,1.14124
1.48000,0.05000,1.08728,0.00000,1.13728
1.49000,0.05000,1.08331,0.00000,1.13331
1.50000,0.05000,1.07934,0.00000,1.12934
1.51000,0.05000,1.07537,0.00000,1.12537
1.52000,0.05000,1.07140,0.00000,1.12140
1.53000,0.05000,1.06742,0.00000,1.11742
1.54000,0.05000,1.06344,0.00000,1.11344
1.55000,0.05000,1.05946,0.00000,1.10946
1.56000,0.05000,1.05548,0.00000,1.10548
1.57000,0.05000,1.05150,0.00000,1.10150
1.58000,0.05000,1.04752,0.00000,1.09752
1.59000,0.05000,1.04354,0.00000,1.09354
1.60000,0.05000,1.03956,0.00000,1.08956
1.61000,0.05000,1.03558,0.00000,1.08558
1.62000,0.05000,1.03161,0.00000,1.08161
1.63000,0.05000,1.02763,0.00000,1.07763
1.64000,0.05000,1.02366,0.00000,1.07366
1.65000,0.05000,1.01969,0.00000,1.06969
1.66000,0.05000,1.01572,0.00000,1.06572
1.67000,0.05000,1.01175,0.00000,1.06175
1.68000,0.05000,1.00779,0.00000,1.05779
1.69000,0.05000,1.00384,0.00000,1.05384
1.70000,0.05000,0.99988,0.00000,1.04988
1.71000,0.05000,0.99594,0.00000,1.04594
1.72000,0.05000,0.99200,0.00000,1.04200
1.73000,0.05000,0.98806,0.00000,1.03806
1.74000,0.05000,0.98413,0.00000,1.03413
1.75000,0.05000,0.98021,0.00000,1.03021
1.76000,0.05000,0.97629,0.00000,1.02629
1.77000,0.05000,0.97238,0.00000,1.02238
1.78000,0.05000,0.96848,0.00000,1.01848
1.79000,0.05000,0.96459,0.00000,1.01459
1.80000,0.05000,0.96070,0.00000,1.01070
1.81000,0.05000,0.95683,0.00000,1.00683
1.82000,0.05000,0.95296,0.00000,1.00296
1.83000,0.05000,0.94910,0.00000,0.99910
1.84000,0.05000,0.94525,0.00000,0.99525
1.85000,0.05000,0.94142,0.00000,0.99142
1.86000,0.05000,0.93759,0.00000,0.98759
1.87000,0.05000,0.93378,0.00000,0.98378
1.88000,0.05000,0.92997,0.00000,0.97997
1.89000,0.05000,0.92618,0.00000,0.97618
1.90000,0.05000,0.92240,0.00000,0.97240
1.91000,0.05000,0.91863,0.00000,0.96863
1.92000,0.05000,0.91488,0.00000,0.96488
1.93000,0.05000,0.91114,0.00000,0.96114
1.94000,0.05000,0.90741,0.00000,0.95741
1.95000,0.05000,0.90370,0.00000,0.95370
1.96000,0.05000,0.90000,0.00000,0.95000
1.97000,0.05000,0.89632,0.00000,0.94632
1.98000,0.05000,0.89265,0.00000,0.94265
1.99000,0.05000,0.88900,0.00000,0.93900
2.00000,0.05000,0.88536,0.00000,0.93536
2.01000,0.05000,0.88174,0.00000,0.93174
2.02000,0.05000,0.87814,0.00000,0.92814
2.03000,0.05000,0.87455,0.00000,0.92455
2.04000,0.05000,0.87098,0.00000,0.92098
2.05000,0.05000,0.86743,0.00000,0.91743
2.06000,0.05000,0.86390,0.00000,0.91390
2.07000,0.05000,0.86038,0.00000,0.91038
2.08000,0.05000,0.85689,0.00000,0.90689
2.09000,0.05000,0.85341,0.00000,0.90341
2.10000,0.05000,0.84995,0.00000,0.89995
2.11000,0.05000,0.84651,0.00000,0.89651
2.12000,0.05000,0.84309,0.00000,0.89309
2.13000,0.05000,0.83970,0.00000,0.88970
2.14000,0.05000,0.83632,0.00000,0.88632
2.15000,0.05000,0.83297,0.00000,0.88297
2.16000,0.05000,0.82963,0.00000,0.87963
2.17000,0.05000,0.82632,0.00000,0.87632
2.18000,0.05000,0.82303,0.00000,0.87303
2.19000,0.05000,0.81976,0.00000,0.86976
2.20000,0.05000,0.81652,0.00000,0.86652
2.21000,0.05000,0.81330,0.00000,0.86330
2.22000,0.05000,0.81010,0.00000,0.86010
2.23000,0.05000,0.80692,0.00000,0.85692
2.24000,0.05000,0.80377,0.00000,0.85377
2.25000,0.05000,0.80065,0.00000,0.85065
2.26000,0.05000,0.79755,0.00000,0.84755
2.27000,0.05000,0.79447,0.00000,0.84447
2.28000,0.05000,0.79142,0.00000,0.84142
2.29000,0.05000,0.78839,0.00000,0.83839
2.30000,0.05000,0.78539,0.00000,0.83539
2.31000,0.05000,0.78242,0.00000,0.83242
2.32000,0.05000,0.77947,0.00000,0.82947
2.33000,0.05000,0.77655,0.00000,0.82655
2.34000,0.05000,0.77366,0.00000,0.82366
2.35000,0.05000,0.77079,0.00000,0.82079
2.36000,0.05000,0.76796,0.00000,0.81796
2.37000,0.05000,0.76515,0.00000,0.81515
2.38000,0.05000,0.76236,0.00000,0.81236
2.39000,0.05000,0.75961,0.00000,0.80961
2.40000,0.05000,0.75689,0.00000,0.80689
2.41000,0.05000,0.75419,0.00000,0.80419
2.42000,0.05000,0.75152,0.00000,0.80152
2.43000,0.05000,0.74889,0.00000,0.79889
2.44000,0.05000,0.74628,0.00000,0.79628
2.45000,0.05000,0.74370,0.00000,0.79370
2.46000,0.05000,0.74116,0.00000,0.79116
2.47000,0.05000,0.73864,0.00000,0.78864
2.48000,0.05000,0.73616,0.00000,0.78616
2.49000,0.05000,0.73370,0.00000,0.78370
2.50000,0.05000,0.73128,0.00000,0.78128
2.51000,0.05000,0.72889,0.00000,0.77889
2.52000,0.05000,0.72653,0.00000,0.77653
2.53000,0.05000,0.72420,0.00000,0.77420
2.54000,0.05000,0.72191,0.00000,0.77191
2.55000,0.05000,0.71964,0.00000,0.76964
2.56000,0.05000,0.71741,0.00000,0.76741
2.57000,0.05000,0.71522,0.00000,0.76522
2.58000,0.05000,0.71305,0.00000,0.76305
2.59000,0.05000,0.71092,0.00000,0.76092
2.60000,0.05000,0.70882,0.00000,0.75882
2.61000,0.05000,0.70676,0.00000,0.75676
2.62000,0.05000,0.70473,0.00000,0.75473
2.63000,0.05000,0.70274,0.00000,0.75274
2.64000,0.05000,0.70077,0.00000,0.75077
2.65000,0.05000,0.69885,0.00000,0.74885
2.66000,0.05000,0.69696,0.00000,0.74696
2.67000,0.05000,0.69510,0.00000,0.74510
2.68000,0.05000,0.69328,0.00000,0.74328
2.69000,0.05000,0.69149,0.00000,0.74149
2.70000,0.05000,0.68974,0.00000,0.73974
2.71000,0.05000,0.68803,0.00000,0.73803
2.72000,0.05000,0.68635,0.00000,0.73635
2.73000,0.05000,0.68471,0.00000,0.73471
2.74000,0.05000,0.68310,0.00000,0.73310
2.75000,0.05000,0.68153,0.00000,0.73153
2.76000,0.05000,0.67999,0.00000,0.72999
2.77000,0.05000,0.67850,0.00000,0.72850
2.78000,0.05000,0.67704,0.00000,0.72704
2.79000,0.05000,0.67561,0.00000,0.72561
2.80000,0.05000,0.67423,0.00000,0.72423
2.81000,0.05000,0.67288,0.00000,0.72288
2.82000,0.05000,0.67156,0.00000,0.72156
2.83000,0.05000,0.67029,0.00000,0.72029
2.84000,0.05000,0.66905,0.00000,0.71905
2.85000,0.05000,0.66785,0.00000,0.71785
2.86000,0.05000,0.66669,0.00000,0.71669
2.87000,0.05000,0.66557,0.00000,0.71557
2.88000,0.05000,0.66448,0.00000,0.71448
2.89000,0.05000,0.66343,0.00000,0.71343
2.90000,0.05000,0.66242,0.00000,0.71242
2.91000,0.05000,0.66145,0.00000,0.71145
2.92000,0.05000,0.66052,0.00000,0.71052
2.93000,0.05000,0.65963,0.00000,0.70963
2.94000,0.05000,0.65877,0.00000,0.70877
2.95000,0.05000,0.65796,0.00000,0.70796
2.96000,0.05000,0.65718,0.00000,0.70718
2.97000,0.05000,0.65644,0.00000,0.70644
2.98000,0.05000,0.65574,0.00000,0.70574
2.99000,0.05000,0.65508,0.00000,0.70508
3.00000,0.05000,0.65446,0.00000,0.70446
3.01000,0.05000,0.65388,0.00000,0.70388
3.02000,0.05000,0.65333,0.00000,0.70333
3.03000,0.05000,0.65283,0.00000,0.70283
3.04000,0.05000,0.65236,0.00000,0.70236
3.05000,0.05000,0.65194,0.00000,0.70194
3.06000,0.05000,0.65155,0.00000,0.70155
3.07000,0.05000,0.65121,0.00000,0.70121
3.08000,0.05000,0.65090,0.00000,0.70090
3.09000,0.05000,0.65063,0.00000,0.70063
3.10000,0.05000,0.65040,0.00000,0.70040
3.11000,0.05000,0.65022,0.00000,0.70022
3.12000,0.05000,0.65007,0.00000,0.70007
3.13000,0.05000,0.64996,0.00000,0.69996
3.14000,0.05000,0.64989,0.00000,0.69989
3.15000,0.05000,0.64986,0.00000,0.69986
3.16000,0.05000,0.64987,0.00000,0.69987
3.17000,0.05000,0.64992,0.00000,0.69992
3.18000,0.05000,0.65001,0.00000,0.70001
3.19000,0.05000,0.65013,0.00000,0.70013
3.20000,0.05000,0.65030,0.00000,0.70030
3.21000,0.05000,0.65051,0.00000,0.70051
3.22000,0.05000,0.65076,0.00000,0.70076
3.23000,0.05000,0.65104,0.00000,0.70104
3.24000,0.05000,0.65137,0.00000,0.70137
3.25000,0.05000,0.65174,0.00000,0.70174
3.26000,0.05000,0.65214,0.00000,0.70214
3.27000,0.05000,0.65259,0.00000,0.70259
3.28000,0.05000,0.65307,0.00000,0.70307
3.29000,0.05000,0.65359,0.00000,0.70359
3.30000,0.05000,0.65416,0.00000,0.70416
3.31000,0.05000,0.65476,0.00000,0.70476
3.32000,0.05000,0.65540,0.00000,0.70540
3.33000,0.05000,0.65608,0.00000,0.70608
3.34000,0.05000,0.65680,0.00000,0.70680
3.35000,0.05000,0.65755,0.00000,0.70755
3.36000,0.05000,0.65835,0.00000,0.70835
3.37000,0.05000,0.65919,0.00000,0.70919
3.38000,0.05000,0.66006,0.00000,0.71006
3.39000,0.05000,0.66097,0.00000,0.71097
3.40000,0.05000,0.66192,0.00000,0.71192
3.41000,0.05000,0.66291,0.00000,0.71291
3.42000,0.05000,0.66394,0.00000,0.71394
3.43000,0.05000,0.66501,0.00000,0.71501
3.44000,0.05000,0.66611,0.00000,0.71611
3.45000,0.05000,0.66725,0.00000,0.71725
3.46000,0.05000,0.66843,0.00000,0.71843
3.47000,0.05000,0.66965,0.00000,0.71965
3.48000,0.05000,0.67091,0.00000,0.72091
3.49000,0.05000,0.67220,0.00000,0.72220
3.50000,0.05000,0.67353,0.00000,0.72353
3.51000,0.05000,0.67490,0.00000,0.72490
3.52000,0.05000,0.67630,0.00000,0.72630
3.53000,0.05000,0.67775,0.00000,0.72775
3.54000,0.05000,0.67923,0.00000,0.72923
3.55000,0.05000,0.68074,0.00000,0.73074
3.56000,0.05000,0.68229,0.00000,0.73229
3.57000,0.05000,0.68388,0.00000,0.73388
3.58000,0.05000,0.68551,0.00000,0.73551
3.59000,0.05000,0.68717,0.00000,0.73717
3.60000,0.05000,0.68886,0.00000,0.73886
3.61000,0.05000,0.69060,0.00000,0.74060
3.62000,0.05000,0.69236,0.00000,0.74236
3.63000,0.05000,0.69417,0.00000,0.74417
3.64000,0.05000,0.69601,0.00000,0.74601
3.65000,0.05000,0.69788,0.00000,0.74788
3.66000,0.05000,0.69979,0.00000,0.74979
3.67000,0.05000,0.70173,0.00000,0.75173
3.68000,0.05000,0.70371,0.00000,0.75371
3.69000,0.05000,0.70572,0.00000,0.75572
3.70000,0.05000,0.70777,0.00000,0.75777
3.71000,0.05000,0.70985,0.00000,0.75985
3.72000,0.05000,0.71196,0.00000,0.76196
3.73000,0.05000,0.71411,0.00000,0.76411
3.74000,0.05000,0.71629,0.00000,0.76629
3.75000,0.05000,0.71850,0.00000,0.76850
3.76000,0.05000,0.72075,0.00000,0.77075
3.77000,0.05000,0.72303,0.00000,0.77303
3.78000,0.05000,0.72534,0.00000,0.77534
3.79000,0.05000,0.72768,0.00000,0.77768
3.80000,0.05000,0.73006,0.00000,0.78006
3.81000,0.05000,0.73247,0.00000,0.78247
3.82000,0.05000,0.73491,0.00000,0.78491
3.83000,0.05000,0.73737,0.00000,0.78737
3.84000,0.05000,0.73988,0.00000,0.78988
3.85000,0.05000,0.74241,0.00000,0.79241
3.86000,0.05000,0.74497,0.00000,0.79497
3.87000,0.05000,0.74756,0.00000,0.79756
3.88000,0.05000,0.75018,0.00000,0.80018
3.89000,0.05000,0.75283,0.00000,0.80283
3.90000,0.05000,0.75552,0.00000,0.80552
3.91000,0.05000,0.75823,0.00000,0.80823
3.92000,0.05000,0.76097,0.00000,0.81097
3.93000,0.05000,0.76373,0.00000,0.81373
3.94000,0.05000,0.76653,0.00000,0.81653
3.95000,0.05000,0.76935,0.00000,0.81935
3.96000,0.05000,0.77221,0.00000,0.82221
3.97000,0.05000,0.77508,0.00000,0.82508
3.98000,0.05000,0.77799,0.00000,0.82799
3.99000,0.05000,0.78093,0.00000,0.83093
4.00000,0.05000,0.78389,0.00000,0.83389
4.01000,0.05000,0.78687,0.00000,0.83687
4.02000,0.05000,0.78989,0.00000,0.83989
4.03000,0.05000,0.79292,0.00000,0.84292
4.04000,0.05000,0.79599,0.00000,0.84599
4.05000,0.05000,0.79908,0.00000,0.84908
4.06000,0.05000,0.80219,0.00000,0.85219
4.07000,0.05000,0.80533,0.00000,0.85533
4.08000,0.05000,0.80849,0.00000,0.85849
4.09000,0.05000,0.81168,0.00000,0.86168
4.10000,0.05000,0.81489,0.00000,0.86489
4.11000,0.05000,0.81812,0.00000,0.86812
4.12000,0.05000,0.82138,0.00000,0.87138
4.13000,0.05000,0.82466,0.00000,0.87466
4.14000,0.05000,0.82796,0.00000,0.87796
4.15000,0.05000,0.83128,0.00000,0.88128
4.16000,0.05000,0.83463,0.00000,0.88463
4.17000,0.05000,0.83799,0.00000,0.88799
4.18000,0.05000,0.84138,0.00000,0.89138
4.19000,0.05000,0.84479,0.00000,0.89479
4.20000,0.05000,0.84822,0.00000,0.89822
4.21000,0.05000,0.85167,0.00000,0.90167
4.22000,0.05000,0.85513,0.00000,0.90513
4.23000,0.05000,0.85862,0.00000,0.90862
4.24000,0.05000,0.86213,0.00000,0.91213
4.25000,0.05000,0.86565,0.00000,0.91565
4.26000,0.05000,0.86920,0.00000,0.91920
4.27000,0.05000,0.87276,0.00000,0.92276
4.28000,0.05000,0.87634,0.00000,0.92634
4.29000,0.05000,0.87993,0.00000,0.92993
4.30000,0.05000,0.88354,0.00000,0.93354
4.31000,0.05000,0.88717,0.00000,0.93717
4.32000,0.05000,0.89082,0.00000,0.94082
4.33000,0.05000,0.89448,0.00000,0.94448
4.34000,0.05000,0.89816,0.00000,0.94816
4.35000,0.05000,0.90185,0.00000,0.95185
4.36000,0.05000,0.90555,0.00000,0.95555
4.37000,0.05000,0.90927,0.00000,0.95927
4.38000,0.05000,0.91301,0.00000,0.96301
4.39000,0.05000,0.91676,0.00000,0.96676
4.40000,0.05000,0.92052,0.00000,0.97052
4.41000,0.05000,0.92429,0.00000,0.97429
4.42000,0.05000,0.92808,0.00000,0.97808
4.43000,0.05000,0.93188,0.00000,0.98188
4.44000,0.05000,0.93569,0.00000,0.98569
4.45000,0.05000,0.93951,0.00000,0.98951
4.46000,0.05000,0.94334,0.00000,0.99334
4.47000,0.05000,0.94718,0.00000,0.99718
4.48000,0.05000,0.95104,0.00000,1.00104
4.49000,0.05000,0.95490,0.00000,1.00490
4.50000,0.05000,0.95877,0.00000,1.00877
4.51000,0.05000,0.96265,0.00000,1.01265
4.52000,0.05000,0.96654,0.00000,1.01654
4.53000,0.05000,0.97044,0.00000,1.02044
4.54000,0.05000,0.97435,0.00000,1.02435
4.55000,0.05000,0.97826,0.00000,1.02826
4.56000,0.05000,0.98218,0.00000,1.03218
4.57000,0.05000,0.98611,0.00000,1.03611
4.58000,0.05000,0.99005,0.00000,1.04005
4.59000,0.05000,0.99399,0.00000,1.04399
4.60000,0.05000,0.99793,0.00000,1.04793
4.61000,0.05000,1.00188,0.00000,1.05188
4.62000,0.05000,1.00584,0.00000,1.05584
4.63000,0.05000,1.00980,0.00000,1.05980
4.64000,0.05000,1.01376,0.00000,1.06376
4.65000,0.05000,1.01773,0.00000,1.06773
4.66000,0.05000,1.02170,0.00000,1.07170
4.67000,0.05000,1.02567,0.00000,1.07567
4.68000,0.05000,1.02965,0.00000,1.07965
4.69000,0.05000,1.03363,0.00000,1.08363
4.70000,0.05000,1.03760,0.00000,1.08760
4.71000,0.05000,1.04159,0.00000,1.09159
4.72000,0.05000,1.04557,0.00000,1.09557
4.73000,0.05000,1.04955,0.00000,1.09955
4.74000,0.05000,1.05353,0.00000,1.10353
4.75000,0.05000,1.05751,0.00000,1.10751
4.76000,0.05000,1.06149,0.00000,1.11149
4.77000,0.05000,1.06547,0.00000,1.11547
4.78000,0.05000,1.06945,0.00000,1.11945
4.79000,0.05000,1.07343,0.00000,1.12343
4.80000,0.05000,1.07740,0.00000,1.12740
4.81000,0.05000,1.08137,0.00000,1.13137
4.82000,0.05000,1.08534,0.00000,1.13534
4.83000,0.05000,1.08931,0.00000,1.13931
4.84000,0.05000,1.09327,0.00000,1.14327
4.85000,0.05000,1.09722,0.00000,1.14722
4.86000,0.05000,1.10118,0.00000,1.15118
4.87000,0.05000,1.10512,0.00000,1.15512
4.88000,0.05000,1.10906,0.00000,1.15906
4.89000,0.05000,1.11300,0.00000,1.16300
4.90000,0.05000,1.11693,0.00000,1.16693
4.91000,0.05000,1.12085,0.00000,1.17085
4.92000,0.05000,1.12477,0.00000,1.17477
4.93000,0.05000,1.12868,0.00000,1.17868
4.94000,0.05000,1.13258,0.00000,1.18258
4.95000,0.05000,1.13647,0.00000,1.18647
4.96000,0.05000,1.14035,0.00000,1.19035
4.97000,0.05000,1.14423,0.00000,1.19423
4.98000,0.05000,1.14809,0.00000,1.19809
4.99000,0.05000,1.15195,0.00000,1.20195
5.00000,0.05000,1.15580,0.00000,1.20580
5.01000,0.05000,1.15963,0.00000,1.20963
5.02000,0.05000,1.16346,0.00000,1.21346
5.03000,0.05000,1.16727,0.00000,1.21727
5.04000,0.05000,1.17107,0.00000,1.22107
5.05000,0.05000,1.17486,0.00000,1.22486
5.06000,0.05000,1.17864,0.00000,1.22864
5.07000,0.05000,1.18240,0.00000,1.23240
5.08000,0.05000,1.18615,0.00000,1.23615
5.09000,0.05000,1.18989,0.00000,1.23989
5.10000,0.05000,1.19362,0.00000,1.24362
5.11000,0.05000,1.19733,0.00000,1.24733
5.12000,0.05000,1.20102,0.00000,1.25102
5.13000,0.05000,1.20470,0.00000,1.25470
5.14000,0.05000,1.20837,0.00000,1.25837
5.15000,0.05000,1.21202,0.00000,1.26202
5.16000,0.05000,1.21565,0.00000,1.26565
5.17000,0.05000,1.21927,0.00000,1.26927
5.18000,0.05000,1.22287,0.00000,1.27287
5.19000,0.05000,1.22645,0.00000,1.27645
5.20000,0.05000,1.23002,0.00000,1.28002
5.21000,0.05000,1.23356,0.00000,1.28356
5.22000,0.05000,1.23709,0.00000,1.28709
5.23000,0.05000,1.24060,0.00000,1.29060
5.24000,0.05000,1.24410,0.00000,1.29410
5.25000,0.05000,1.24757,0.00000,1.29757
5.26000,0.05000,1.25102,0.00000,1.30102
5.27000,0.05000,1.25446,0.00000,1.30446
5.28000,0.05000,1.25787,0.00000,1.30787
5.29000,0.05000,1.26126,0.00000,1.31126
5.30000,0.05000,1.26464,0.00000,1.31464
5.31000,0.05000,1.26799,0.00000,1.31799
5.32000,0.05000,1.27132,0.00000,1.32132
5.33000,0.05000,1.27462,0.00000,1.32462
5.34000,0.05000,1.27791,0.00000,1.32791
5.35000,0.05000,1.28117,0.00000,1.33117
5.36000,0.05000,1.28441,0.00000,1.33441
5.37000,0.05000,1.28763,0.00000,1.33763
5.38000,0.05000,1.29082,0.00000,1.34082
5.39000,0.05000,1.29399,0.00000,1.34399
5.40000,0.05000,1.29713,0.00000,1.34713
5.41000,0.05000,1.30025,0.00000,1.35025
5.42000,0.05000,1.30335,0.00000,1.35335
5.43000,0.05000,1.30642,0.00000,1.35642
5.44000,0.05000,1.30947,0.00000,1.35947
5.45000,0.05000,1.31248,0.00000,1.36248
5.46000,0.05000,1.31548,0.00000,1.36548
5.47000,0.05000,1.31845,0.00000,1.36845
5.48000,0.05000,1.32139,0.00000,1.37139
5.49000,0.05000,1.32430,0.00000,1.37430
5.50000,0.05000,1.32719,0.00000,1.37719
5.51000,0.05000,1.33005,0.00000,1.38005
5.52000,0.05000,1.33288,0.00000,1.38288
5.53000,0.05000,1.33568,0.00000,1.38568
5.54000,0.05000,1.33846,0.00000,1.38846
5.55000,0.05000,1.34120,0.00000,1.39120
5.56000,0.05000,1.34392,0.00000,1.39392
5.57000,0.05000,1.34661,0.00000,1.39661
5.58000,0.05000,1.34927,0.00000,1.39927
5.59000,0.05000,1.35190,0.00000,1.40190
5.60000,0.05000,1.35450,0.00000,1.40450
5.61000,0.05000,1.35707,0.00000,1.40707
5.62000,0.05000,1.35961,0.00000,1.40961
5.63000,0.05000,1.36212,0.00000,1.41212
5.64000,0.05000,1.36459,0.00000,1.41459
5.65000,0.05000,1.36704,0.00000,1.41704
5.66000,0.05000,1.36946,0.00000,1.41946
5.67000,0.05000,1.37184,0.00000,1.42184
5.68000,0.05000,1.37419,0.00000,1.42419
5.69000,0.05000,1.37651,0.00000,1.42651
5.70000,0.05000,1.37880,0.00000,1.42880
5.71000,0.05000,1.38105,0.00000,1.43105
5.72000,0.05000,1.38328,0.00000,1.43328
5.73000,0.05000,1.38547,0.00000,1.43547
5.74000,0.05000,1.38762,0.00000,1.43762
5.75000,0.05000,1.38974,0.00000,1.43974
5.76000,0.05000,1.39183,0.00000,1.44183
5.77000,0.05000,1.39389,0.00000,1.44389
5.78000,0.05000,1.39591,0.00000,1.44591
5.79000,0.05000,1.39790,0.00000,1.44790
5.80000,0.05000,1.39985,0.00000,1.44985
5.81000,0.05000,1.40177,0.00000,1.45177
5.82000,0.05000,1.40365,0.00000,1.45365
5.83000,0.05000,1.40550,0.00000,1.45550
5.84000,0.05000,1.40731,0.00000,1.45731
5.85000,0.05000,1.40909,0.00000,1.45909
5.86000,0.05000,1.41083,0.00000,1.46083
5.87000,0.05000,1.41253,0.00000,1.46253
5.88000,0.05000,1.41420,0.00000,1.46420
5.89000,0.05000,1.41584,0.00000,1.46584
5.90000,0.05000,1.41744,0.00000,1.46744
5.91000,0.05000,1.41900,0.00000,1.46900
5.92000,0.05000,1.42052,0.00000,1.47052
5.93000,0.05000,1.42201,0.00000,1.47201
5.94000,0.05000,1.42346,0.00000,1.47346
5.95000,0.05000,1.42488,0.00000,1.47488
5.96000,0.05000,1.42625,0.00000,1.47625
5.97000,0.05000,1.42759,0.00000,1.47759
5.98000,0.05000,1.42890,0.00000,1.47890
5.99000,0.05000,1.43016,0.00000,1.48016
6.00000,0.05000,1.43139,0.00000,1.48139
6.01000,0.05000,1.43258,0.00000,1.48258
6.02000,0.05000,1.43373,0.00000,1.48373
6.03000,0.05000,1.43484,0.00000,1.48484
6.04000,0.05000,1.43592,0.00000,1.48592
6.05000,0.05000,1.43696,0.00000,1.48696
6.06000,0.05000,1.43796,0.00000,1.48796
6.07000,0.05000,1.43892,0.00000,1.48892
6.08000,0.05000,1.43984,0.00000,1.48984
6.09000,0.05000,1.44072,0.00000,1.49072
6.10000,0.05000,1.44157,0.00000,1.49157
6.11000,0.05000,1.44238,0.00000,1.49238
6.12000,0.05000,1.44314,0.00000,1.49314
6.13000,0.05000,1.44387,0.00000,1.49387
6.14000,0.05000,1.44456,0.00000,1.49456
6.15000,0.05000,1.44521,0.00000,1.49521
6.16000,0.05000,1.44582,0.00000,1.49582
6.17000,0.05000,1.44640,0.00000,1.49640
6.18000,0.05000,1.44693,0.00000,1.49693
6.19000,0.05000,1.44742,0.00000,1.49742
6.20000,0.05000,1.44788,0.00000,1.49788
6.21000,0.05000,1.44829,0.00000,1.49829
6.22000,0.05000,1.44867,0.00000,1.49867
6.23000,0.05000,1.44900,0.00000,1.49900
6.24000,0.05000,1.44930,0.00000,1.49930
6.25000,0.05000,1.44956,0.00000,1.49956
6.26000,0.05000,1.44978,0.00000,1.49978
6.27000,0.05000,1.44995,0.00000,1.49995
6.28000,0.05000,1.45009,0.00000,1.50009
6.29000,0.05000,1.45019,0.00000,1.50019
6.30000,0.05000,1.45025,0.00000,1.50025
6.31000,0.05000,1.45027,0.00000,1.50027
6.32000,0.05000,1.45025,0.00000,1.50025
6.33000,0.05000,1.45019,0.00000,1.50019
6.34000,0.05000,1.45009,0.00000,1.50009
6.35000,0.05000,1.44995,0.00000,1.49995
6.36000,0.05000,1.44977,0.00000,1.49977
6.37000,0.05000,1.44955,0.00000,1.49955
6.38000,0.05000,1.44930,0.00000,1.49930
6.39000,0.05000,1.44900,0.00000,1.49900
6.40000,0.05000,1.44866,0.00000,1.49866
6.41000,0.05000,1.44829,0.00000,1.49829
6.42000,0.05000,1.44787,0.00000,1.49787
6.43000,0.05000,1.44741,0.00000,1.49741
6.44000,0.05000,1.44692,0.00000,1.49692
6.45000,0.05000,1.44639,0.00000,1.49639
6.46000,0.05000,1.44581,0.00000,1.49581
6.47000,0.05000,1.44520,0.00000,1.49520
6.48000,0.05000,1.44455,0.00000,1.49455
6.49000,0.05000,1.44386,0.00000,1.49386
6.50000,0.05000,1.44313,0.00000,1.49313
6.51000,0.05000,1.44236,0.00000,1.49236
6.52000,0.05000,1.44155,0.00000,1.49155
6.53000,0.05000,1.44071,0.00000,1.49071
6.54000,0.05000,1.43982,0.00000,1.48982
6.55000,0.05000,1.43890,0.00000,1.48890
6.56000,0.05000,1.43794,0.00000,1.48794
6.57000,0.05000,1.43694,0.00000,1.48694
6.58000,0.05000,1.43590,0.00000,1.48590
6.59000,0.05000,1.43482,0.00000,1.48482
6.60000,0.05000,1.43371,0.00000,1.48371
6.61000,0.05000,1.43256,0.00000,1.48256
6.62000,0.05000,1.43137,0.00000,1.48137
6.63000,0.05000,1.43014,0.00000,1.48014
6.64000,0.05000,1.42887,0.00000,1.47887
6.65000,0.05000,1.42757,0.00000,1.47757
6.66000,0.05000,1.42623,0.00000,1.47623
6.67000,0.05000,1.42485,0.00000,1.47485
6.68000,0.05000,1.42343,0.00000,1.47343
6.69000,0.05000,1.42198,0.00000,1.47198
6.70000,0.05000,1.42049,0.00000,1.47049
6.71000,0.05000,1.41897,0.00000,1.46897
6.72000,0.05000,1.41741,0.00000,1.46741
6.73000,0.05000,1.41581,0.00000,1.46581
6.74000,0.05000,1.41417,0.00000,1.46417
6.75000,0.05000,1.41250,0.00000,1.46250
6.76000,0.05000,1.41079,0.00000,1.46079
6.77000,0.05000,1.40905,0.00000,1.45905
6.78000,0.05000,1.40727,0.00000,1.45727
6.79000,0.05000,1.40546,0.00000,1.45546
6.80000,0.05000,1.40361,0.00000,1.45361
6.81000,0.05000,1.40173,0.00000,1.45173
6.82000,0.05000,1.39981,0.00000,1.44981
6.83000,0.05000,1.39786,0.00000,1.44786
6.84000,0.05000,1.39587,0.00000,1.44587
6.85000,0.05000,1.39385,0.00000,1.44385
6.86000,0.05000,1.39179,0.00000,1.44179
6.87000,0.05000,1.38970,0.00000,1.43970
6.88000,0.05000,1.38758,0.00000,1.43758
6.89000,0.05000,1.38542,0.00000,1.43542
6.90000,0.05000,1.38323,0.00000,1.43323
6.91000,0.05000,1.38101,0.00000,1.43101
6.92000,0.05000,1.37875,0.00000,1.42875
6.93000,0.05000,1.37646,0.00000,1.42646
6.94000,0.05000,1.37414,0.00000,1.42414
6.95000,0.05000,1.37179,0.00000,1.42179
6.96000,0.05000,1.36941,0.00000,1.41941
6.97000,0.05000,1.36699,0.00000,1.41699
6.98000,0.05000,1.36454,0.00000,1.41454
6.99000,0.05000,1.36206,0.00000,1.41206
7.00000,0.05000,1.35955,0.00000,1.40955
7.01000,0.05000,1.35701,0.00000,1.40701
7.02000,0.05000,1.35444,0.00000,1.40444
7.03000,0.05000,1.35184,0.00000,1.40184
7.04000,0.05000,1.34921,0.00000,1.39921
7.05000,0.05000,1.34655,0.00000,1.39655
7.06000,0.05000,1.34386,0.00000,1.39386
7.07000,0.05000,1.34114,0.00000,1.39114
7.08000,0.05000,1.33840,0.00000,1.38840
7.09000,0.05000,1.33562,0.00000,1.38562
7.10000,0.05000,1.33282,0.00000,1.38282
7.11000,0.05000,1.32998,0.00000,1.37998
7.12000,0.05000,1.32712,0.00000,1.37712
7.13000,0.05000,1.32423,0.00000,1.37423
7.14000,0.05000,1.32132,0.00000,1.37132
7.15000,0.05000,1.31838,0.00000,1.36838
7.16000,0.05000,1.31541,0.00000,1.36541
7.17000,0.05000,1.31242,0.00000,1.36242
7.18000,0.05000,1.30939,0.00000,1.35939
7.19000,0.05000,1.30635,0.00000,1.35635
7.20000,0.05000,1.30328,0.00000,1.35328
7.21000,0.05000,1.30018,0.00000,1.35018
7.22000,0.05000,1.29706,0.00000,1.34706
7.23000,0.05000,1.29391,0.00000,1.34391
7.24000,0.05000,1.29074,0.00000,1.34074
7.25000,0.05000,1.28755,0.00000,1.33755
7.26000,0.05000,1.28433,0.00000,1.33433
7.27000,0.05000,1.28109,0.00000,1.33109
7.28000,0.05000,1.27783,0.00000,1.32783
7.29000,0.05000,1.27454,0.00000,1.32454
7.30000,0.05000,1.27123,0.00000,1.32123
7.31000,0.05000,1.26790,0.00000,1.31790
7.32000,0.05000,1.26455,0.00000,1.31455
7.33000,0.05000,1.26118,0.00000,1.31118
7.34000,0.05000,1.25778,0.00000,1.30778
7.35000,0.05000,1.25437,0.00000,1.30437
7.36000,0.05000,1.25093,0.00000,1.30093
7.37000,0.05000,1.24748,0.00000,1.29748
7.38000,0.05000,1.24401,0.00000,1.29401
7.39000,0.05000,1.24051,0.00000,1.29051
7.40000,0.05000,1.23700,0.00000,1.28700
7.41000,0.05000,1.23347,0.00000,1.28347
7.42000,0.05000,1.22992,0.00000,1.27992
7.43000,0.05000,1.22635,0.00000,1.27635
7.44000,0.05000,1.22277,0.00000,1.27277
7.45000,0.05000,1.21917,0.00000,1.26917
7.46000,0.05000,1.21555,0.00000,1.26555
7.47000,0.05000,1.21191,0.00000,1.26191
7.48000,0.05000,1.20826,0.00000,1.25826
7.49000,0.05000,1.20460,0.00000,1.25460
7.50000,0.05000,1.20092,0.00000,1.25092
7.51000,0.05000,1.19722,0.00000,1.24722
7.52000,0.05000,1.19351,0.00000,1.24351
7.53000,0.05000,1.18978,0.00000,1.23978
7.54000,0.05000,1.18604,0.00000,1.23604
7.55000,0.05000,1.18229,0.00000,1.23229
7.56000,0.05000,1.17853,0.00000,1.22853
7.57000,0.05000,1.17475,0.00000,1.22475
7.58000,0.05000,1.17096,0.00000,1.22096
7.59000,0.05000,1.16715,0.00000,1.21715
7.60000,0.05000,1.16334,0.00000,1.21334
7.61000,0.05000,1.15951,0.00000,1.20951
7.62000,0.05000,1.15568,0.00000,1.20568
7.63000,0.05000,1.15183,0.00000,1.20183
7.64000,0.05000,1.14797,0.00000,1.19797
7.65000,0.05000,1.14411,0.00000,1.19411
7.66000,0.05000,1.14023,0.00000,1.19023
7.67000,0.05000,1.13634,0.00000,1.18634
7.68000,0.05000,1.13245,0.00000,1.18245
7.69000,0.05000,1.12855,0.00000,1.17855
7.70000,0.05000,1.12464,0.00000,1.17464
7.71000,0.05000,1.12072,0.00000,1.17072
7.72000,0.05000,1.11680,0.00000,1.16680
7.73000,0.05000,1.11287,0.00000,1.16287
7.74000,0.05000,1.10893,0.00000,1.15893
7.75000,0.05000,1.10499,0.00000,1.15499
7.76000,0.05000,1.10104,0.00000,1.15104
7.77000,0.05000,1.09709,0.00000,1.14709
7.78000,0.05000,1.09313,0.00000,1.14313
7.79000,0.05000,1.08917,0.00000,1.13917
7.80000,0.05000,1.08520,0.00000,1.13520
7.81000,0.05000,1.08123,0.00000,1.13123
7.82000,0.05000,1.07726,0.00000,1.12726
7.83000,0.05000,1.07328,0.00000,1.12328
7.84000,0.05000,1.06931,0.00000,1.11931
7.85000,0.05000,1.06533,0.00000,1.11533
7.86000,0.05000,1.06135,0.00000,1.11135
7.87000,0.05000,1.05736,0.00000,1.10736
7.88000,0.05000,1.05338,0.00000,1.10338
7.89000,0.05000,1.04940,0.00000,1.09940
7.90000,0.05000,1.04541,0.00000,1.09541
7.91000,0.05000,1.04143,0.00000,1.09143
7.92000,0.05000,1.03745,0.00000,1.08745
7.93000,0.05000,1.03347,0.00000,1.08347
7.94000,0.05000,1.02949,0.00000,1.07949
7.95000,0.05000,1.02551,0.00000,1.07551
7.96000,0.05000,1.02154,0.00000,1.07154
7.97000,0.05000,1.01757,0.00000,1.06757
7.98000,0.05000,1.01360,0.00000,1.06360
7.99000,0.05000,1.00963,0.00000,1.05963
8.00000,0.05000,1.00567,0.00000,1.05567
8.01000,0.05000,1.00171,0.00000,1.05171
8.02000,0.05000,0.99776,0.00000,1.04776
8.03000,0.05000,0.99382,0.00000,1.04382
8.04000,0.05000,0.98988,0.00000,1.03988
8.05000,0.05000,0.98594,0.00000,1.03594
8.06000,0.05000,0.98201,0.00000,1.03201
8.07000,0.05000,0.97809,0.00000,1.02809
8.08000,0.05000,0.97417,0.00000,1.02417
8.09000,0.05000,0.97027,0.00000,1.02027
8.10000,0.05000,0.96637,0.00000,1.01637
8.11000,0.05000,0.96248,0.00000,1.01248
8.12000,0.05000,0.95859,0.00000,1.00859
8.13000,0.05000,0.95472,0.00000,1.00472
8.14000,0.05000,0.95085,0.00000,1.00085
8.15000,0.05000,0.94700,0.00000,0.99700
8.16000,0.05000,0.94316,0.00000,0.99316
8.17000,0.05000,0.93932,0.00000,0.98932
8.18000,0.05000,0.93550,0.00000,0.98550
8.19000,0.05000,0.93169,0.00000,0.98169
8.20000,0.05000,0.92789,0.00000,0.97789
8.21000,0.05000,0.92410,0.00000,0.97410
8.22000,0.05000,0.92033,0.00000,0.97033
8.23000,0.05000,0.91656,0.00000,0.96656
8.24000,0.05000,0.91281,0.00000,0.96281
8.25000,0.05000,0.90908,0.00000,0.95908
8.26000,0.05000,0.90536,0.00000,0.95536
8.27000,0.05000,0.90165,0.00000,0.95165
8.28000,0.05000,0.89796,0.00000,0.94796
8.29000,0.05000,0.89428,0.00000,0.94428
8.30000,0.05000,0.89062,0.00000,0.94062
8.31000,0.05000,0.88697,0.00000,0.93697
8.32000,0.05000,0.88334,0.00000,0.93334
8.33000,0.05000,0.87973,0.00000,0.92973
8.34000,0.05000,0.87613,0.00000,0.92613
8.35000,0.05000,0.87255,0.00000,0.92255
8.36000,0.05000,0.86899,0.00000,0.91899
8.37000,0.05000,0.86544,0.00000,0.91544
8.38000,0.05000,0.86192,0.00000,0.91192
8.39000,0.05000,0.85841,0.00000,0.90841
8.40000,0.05000,0.85492,0.00000,0.90492
8.41000,0.05000,0.85145,0.00000,0.90145
8.42000,0.05000,0.84800,0.00000,0.89800
8.43000,0.05000,0.84457,0.00000,0.89457
8.44000,0.05000,0.84116,0.00000,0.89116
8.45000,0.05000,0.83778,0.00000,0.88778
8.46000,0.05000,0.83441,0.00000,0.88441
8.47000,0.05000,0.83106,0.00000,0.88106
8.48000,0.05000,0.82774,0.00000,0.87774
8.49000,0.05000,0.82444,0.00000,0.87444
8.50000,0.05000,0.82116,0.00000,0.87116
8.51000,0.05000,0.81790,0.00000,0.86790
8.52000,0.05000,0.81466,0.00000,0.86466
8.53000,0.05000,0.81145,0.00000,0.86145
8.54000,0.05000,0.80826,0.00000,0.85826
8.55000,0.05000,0.80510,0.00000,0.85510
8.56000,0.05000,0.80196,0.00000,0.85196
8.57000,0.05000,0.79885,0.00000,0.84885
8.58000,0.05000,0.79576,0.00000,0.84576
8.59000,0.05000,0.79269,0.00000,0.84269
8.60000,0.05000,0.78965,0.00000,0.83965
8.61000,0.05000,0.78664,0.00000,0.83664
8.62000,0.05000,0.78365,0.00000,0.83365
8.63000,0.05000,0.78069,0.00000,0.83069
8.64000,0.05000,0.77776,0.00000,0.82776
8.65000,0.05000,0.77485,0.00000,0.82485
8.66000,0.05000,0.77197,0.00000,0.82197
8.67000,0.05000,0.76911,0.00000,0.81911
8.68000,0.05000,0.76629,0.00000,0.81629
8.69000,0.05000,0.76349,0.00000,0.81349
8.70000,0.05000,0.76072,0.00000,0.81072
8.71000,0.05000,0.75798,0.00000,0.80798
8.72000,0.05000,0.75527,0.00000,0.80527
8.73000,0.05000,0.75259,0.00000,0.80259
8.74000,0.05000,0.74994,0.00000,0.79994
8.75000,0.05000,0.74732,0.00000,0.79732
8.76000,0.05000,0.74472,0.00000,0.79472
8.77000,0.05000,0.74216,0.00000,0.79216
8.78000,0.05000,0.73963,0.00000,0.78963
8.79000,0.05000,0.73713,0.00000,0.78713
8.80000,0.05000,0.73466,0.00000,0.78466
8.81000,0.05000,0.73222,0.00000,0.78222
8.82000,0.05000,0.72981,0.00000,0.77981
8.83000,0.05000,0.72743,0.00000,0.77743
8.84000,0.05000,0.72509,0.00000,0.77509
8.85000,0.05000,0.72278,0.00000,0.77278
8.86000,0.05000,0.72050,0.00000,0.77050
8.87000,0.05000,0.71825,0.00000,0.76825
8.88000,0.05000,0.71604,0.00000,0.76604
8.89000,0.05000,0.71386,0.00000,0.76386
8.90000,0.05000,0.71171,0.00000,0.76171
8.91000,0.05000,0.70959,0.00000,0.75959
8.92000,0.05000,0.70751,0.00000,0.75751
8.93000,0.05000,0.70547,0.00000,0.75547
8.94000,0.05000,0.70345,0.00000,0.75345
8.95000,0.05000,0.70148,0.00000,0.75148
8.96000,0.05000,0.69953,0.00000,0.74953
8.97000,0.05000,0.69762,0.00000,0.74762
8.98000,0.05000,0.69575,0.00000,0.74575
8.99000,0.05000,0.69391,0.00000,0.74391
9.00000,0.05000,0.69211,0.00000,0.74211
9.01000,0.05000,0.69034,0.00000,0.74034
9.02000,0.05000,0.68860,0.00000,0.73860
9.03000,0.05000,0.68691,0.00000,0.73691
9.04000,0.05000,0.68525,0.00000,0.73525
9.05000,0.05000,0.68362,0.00000,0.73362
9.06000,0.05000,0.68203,0.00000,0.73203
9.07000,0.05000,0.68048,0.00000,0.73048
9.08000,0.05000,0.67896,0.00000,0.72896
9.09000,0.05000,0.67749,0.00000,0.72749
9.10000,0.05000,0.67604,0.00000,0.72604
9.11000,0.05000,0.67464,0.00000,0.72464
9.12000,0.05000,0.67327,0.00000,0.72327
9.13000,0.05000,0.67194,0.00000,0.72194
9.14000,0.05000,0.67065,0.00000,0.72065
9.15000,0.05000,0.66939,0.00000,0.71939
9.16000,0.05000,0.66817,0.00000,0.71817
9.17000,0.05000,0.66699,0.00000,0.71699
9.18000,0.05000,0.66585,0.00000,0.71585
9.19000,0.05000,0.66475,0.00000,0.71475
9.20000,0.05000,0.66368,0.00000,0.71368
9.21000,0.05000,0.66265,0.00000,0.71265
9.22000,0.05000,0.66166,0.00000,0.71166
9.23000,0.05000,0.66071,0.00000,0.71071
9.24000,0.05000,0.65980,0.00000,0.70980
9.25000,0.05000,0.65893,0.00000,0.70893
9.26000,0.05000,0.65809,0.00000,0.70809
9.27000,0.05000,0.65729,0.00000,0.70729
9.28000,0.05000,0.65654,0.00000,0.70654
9.29000,0.05000,0.65582,0.00000,0.70582
9.30000,0.05000,0.65514,0.00000,0.70514
9.31000,0.05000,0.65450,0.00000,0.70450
9.32000,0.05000,0.65390,0.00000,0.70390
9.33000,0.05000,0.65333,0.00000,0.70333
9.34000,0.05000,0.65281,0.00000,0.70281
9.35000,0.05000,0.65233,0.00000,0.70233
9.36000,0.05000,0.65188,0.00000,0.70188
9.37000,0.05000,0.65148,0.00000,0.70148
9.38000,0.05000,0.65111,0.00000,0.70111
9.39000,0.05000,0.65079,0.00000,0.70079
9.40000,0.05000,0.65050,0.00000,0.70050
9.41000,0.05000,0.65026,0.00000,0.70026
9.42000,0.05000,0.65005,0.00000,0.70005
9.43000,0.05000,0.64988,0.00000,0.69988
9.44000,0.05000,0.64975,0.00000,0.69975
9.45000,0.05000,0.64967,0.00000,0.69967
9.46000,0.05000,0.64962,0.00000,0.69962
9.47000,0.05000,0.64961,0.00000,0.69961
9.48000,0.05000,0.64964,0.00000,0.69964
9.49000,0.05000,0.64971,0.00000,0.69971
9.50000,0.05000,0.64982,0.00000,0.69982
9.51000,0.05000,0.64997,0.00000,0.69997
9.52000,0.05000,0.65016,0.00000,0.70016
9.53000,0.05000,0.65039,0.00000,0.70039
9.54000,0.05000,0.65065,0.00000,0.70065
9.55000,0.05000,0.65096,0.00000,0.70096
9.56000,0.05000,0.65131,0.00000,0.70131
9.57000,0.05000,0.65170,0.00000,0.70170
9.58000,0.05000,0.65212,0.00000,0.70212
9.59000,0.05000,0.65259,0.00000,0.70259
9.60000,0.05000,0.65309,0.00000,0.70309
9.61000,0.05000,0.65364,0.00000,0.70364
9.62000,0.05000,0.65422,0.00000,0.70422
9.63000,0.05000,0.65484,0.00000,0.70484
9.64000,0.05000,0.65551,0.00000,0.70551
9.65000,0.05000,0.65621,0.00000,0.70621
9.66000,0.05000,0.65695,0.00000,0.70695
9.67000,0.05000,0.65772,0.00000,0.70772
9.68000,0.05000,0.65854,0.00000,0.70854
9.69000,0.05000,0.65940,0.00000,0.70940
9.70000,0.05000,0.66029,0.00000,0.71029
9.71000,0.05000,0.66123,0.00000,0.71123
9.72000,0.05000,0.66220,0.00000,0.71220
9.73000,0.05000,0.66321,0.00000,0.71321
9.74000,0.05000,0.66426,0.00000,0.71426
9.75000,0.05000,0.66535,0.00000,0.71535
9.76000,0.05000,0.66647,0.00000,0.71647
9.77000,0.05000,0.66763,0.00000,0.71763
9.78000,0.05000,0.66884,0.00000,0.71884
9.79000,0.05000,0.67007,0.00000,0.72007
9.80000,0.05000,0.67135,0.00000,0.72135
9.81000,0.05000,0.67266,0.00000,0.72266
9.82000,0.05000,0.67402,0.00000,0.72402
9.83000,0.05000,0.67540,0.00000,0.72540
9.84000,0.05000,0.67683,0.00000,0.72683
9.85000,0.05000,0.67829,0.00000,0.72829
9.86000,0.05000,0.67979,0.00000,0.72979
9.87000,0.05000,0.68133,0.00000,0.73133
9.88000,0.05000,0.68290,0.00000,0.73290
9.89000,0.05000,0.68451,0.00000,0.73451
9.90000,0.05000,0.68615,0.00000,0.73615
9.91000,0.05000,0.68783,0.00000,0.73783
9.92000,0.05000,0.68955,0.00000,0.73955
9.93000,0.05000,0.69130,0.00000,0.74130
9.94000,0.05000,0.69309,0.00000,0.74309
9.95000,0.05000,0.69491,0.00000,0.74491
9.96000,0.05000,0.69677,0.00000,0.74677
9.97000,0.05000,0.69867,0.00000,0.74867
9.98000,0.05000,0.70059,0.00000,0.75059
9.99000,0.05000,0.70256,0.00000,0.75256
10.00000,0.05000,0.70455,0.00000,0.75455
10.01000,0.05000,0.70659,0.00000,0.75659
10.02000,0.05000,0.70865,0.00000,0.75865
10.03000,0.05000,0.71075,0.00000,0.76075
10.04000,0.05000,0.71288,0.00000,0.76288
10.05000,0.05000,0.71505,0.00000,0.76505
10.06000,0.05000,0.71725,0.00000,0.76725
10.07000,0.05000,0.71948,0.00000,0.76948
10.08000,0.05000,0.72175,0.00000,0.77175
10.09000,0.05000,0.72404,0.00000,0.77404
10.10000,0.05000,0.72637,0.00000,0.77637
10.11000,0.05000,0.72874,0.00000,0.77874
10.12000,0.05000,0.73113,0.00000,0.78113
10.13000,0.05000,0.73355,0.00000,0.78355
10.14000,0.05000,0.73601,0.00000,0.78601
10.15000,0.05000,0.73850,0.00000,0.78850
10.16000,0.05000,0.74102,0.00000,0.79102
10.17000,0.05000,0.74357,0.00000,0.79357
10.18000,0.05000,0.74615,0.00000,0.79615
10.19000,0.05000,0.74876,0.00000,0.79876
10.20000,0.05000,0.75140,0.00000,0.80140
10.21000,0.05000,0.75406,0.00000,0.80406
10.22000,0.05000,0.75676,0.00000,0.80676
10.23000,0.05000,0.75949,0.00000,0.80949
10.24000,0.05000,0.76225,0.00000,0.81225
10.25000,0.05000,0.76503,0.00000,0.81503
10.26000,0.05000,0.76784,0.00000,0.81784
10.27000,0.05000,0.77068,0.00000,0.82068
10.28000,0.05000,0.77355,0.00000,0.82355
10.29000,0.05000,0.77645,0.00000,0.82645
10.30000,0.05000,0.77937,0.00000,0.82937
10.31000,0.05000,0.78232,0.00000,0.83232
10.32000,0.05000,0.78530,0.00000,0.83530
10.33000,0.05000,0.78830,0.00000,0.83830
10.34000,0.05000,0.79133,0.00000,0.84133
10.35000,0.05000,0.79438,0.00000,0.84438
10.36000,0.05000,0.79746,0.00000,0.84746
10.37000,0.05000,0.80056,0.00000,0.85056
10.38000,0.05000,0.80369,0.00000,0.85369
10.39000,0.05000,0.80685,0.00000,0.85685
10.40000,0.05000,0.81002,0.00000,0.86002
10.41000,0.05000,0.81323,0.00000,0.86323
10.42000,0.05000,0.81645,0.00000,0.86645
10.43000,0.05000,0.81970,0.00000,0.86970
10.44000,0.05000,0.82297,0.00000,0.87297
10.45000,0.05000,0.82626,0.00000,0.87626
10.46000,0.05000,0.82958,0.00000,0.87958
10.47000,0.05000,0.83291,0.00000,0.88291
10.48000,0.05000,0.83627,0.00000,0.88627
10.49000,0.05000,0.83965,0.00000,0.88965
10.50000,0.05000,0.84305,0.00000,0.89305
10.51000,0.05000,0.84647,0.00000,0.89647
10.52000,0.05000,0.84991,0.00000,0.89991
10.53000,0.05000,0.85338,0.00000,0.90338
10.54000,0.05000,0.85686,0.00000,0.90686
10.55000,0.05000,0.86036,0.00000,0.91036
10.56000,0.05000,0.86387,0.00000,0.91387
10.57000,0.05000,0.86741,0.00000,0.91741
10.58000,0.05000,0.87097,0.00000,0.92097
10.59000,0.05000,0.87454,0.00000,0.92454
10.60000,0.05000,0.87813,0.00000,0.92813
10.61000,0.05000,0.88174,0.00000,0.93174
10.62000,0.05000,0.88536,0.00000,0.93536
10.63000,0.05000,0.88900,0.00000,0.93900
10.64000,0.05000,0.89265,0.00000,0.94265
10.65000,0.05000,0.89633,0.00000,0.94633
10.66000,0.05000,0.90001,0.00000,0.95001
10.67000,0.05000,0.90371,0.00000,0.95371
10.68000,0.05000,0.90743,0.00000,0.95743
10.69000,0.05000,0.91116,0.00000,0.96116
10.70000,0.05000,0.91490,0.00000,0.96490
10.71000,0.05000,0.91866,0.00000,0.96866
10.72000,0.05000,0.92243,0.00000,0.97243
10.73000,0.05000,0.92622,0.00000,0.97622
10.74000,0.05000,0.93001,0.00000,0.98001
10.75000,0.05000,0.93382,0.00000,0.98382
10.76000,0.05000,0.93764,0.00000,0.98764
10.77000,0.05000,0.94147,0.00000,0.99147
10.78000,0.05000,0.94531,0.00000,0.99531
10.79000,0.05000,0.94916,0.00000,0.99916
10.80000,0.05000,0.95302,0.00000,1.00302
10.81000,0.05000,0.95689,0.00000,1.00689
10.82000,0.05000,0.96077,0.00000,1.01077
10.83000,0.05000,0.96466,0.00000,1.01466
10.84000,0.05000,0.96855,0.00000,1.01855
10.85000,0.05000,0.97246,0.00000,1.02246
10.86000,0.05000,0.97637,0.00000,1.02637
10.87000,0.05000,0.98029,0.00000,1.03029
10.88000,0.05000,0.98422,0.00000,1.03422
10.89000,0.05000,0.98815,0.00000,1.03815
10.90000,0.05000,0.99209,0.00000,1.04209
10.91000,0.05000,0.99604,0.00000,1.04604
10.92000,0.05000,0.99999,0.00000,1.04999
10.93000,0.05000,1.00394,0.00000,1.05394
10.94000,0.05000,1.00790,0.00000,1.05790
10.95000,0.05000,1.01187,0.00000,1.06187
10.96000,0.05000,1.01584,0.00000,1.06584
10.97000,0.05000,1.01981,0.00000,1.06981
10.98000,0.05000,1.02378,0.00000,1.07378
10.99000,0.05000,1.02776,0.00000,1.07776
11.00000,0.05000,1.03174,0.00000,1.08174
11.01000,0.05000,1.03572,0.00000,1.08572
11.02000,0.05000,1.03970,0.00000,1.08970
11.03000,0.05000,1.04369,0.00000,1.09369
11.04000,0.05000,1.04767,0.00000,1.09767
11.05000,0.05000,1.05166,0.00000,1.10166
11.06000,0.05000,1.05564,0.00000,1.10564
11.07000,0.05000,1.05962,0.00000,1.10962
11.08000,0.05000,1.06361,0.00000,1.11361
11.09000,0.05000,1.06759,0.00000,1.11759
11.10000,0.05000,1.07157,0.00000,1.12157
11.11000,0.05000,1.07555,0.00000,1.12555
11.12000,0.05000,1.07952,0.00000,1.12952
11.13000,0.05000,1.08349,0.00000,1.13349
11.14000,0.05000,1.08746,0.00000,1.13746
11.15000,0.05000,1.09143,0.00000,1.14143
11.16000,0.05000,1.09539,0.00000,1.14539
11.17000,0.05000,1.09935,0.00000,1.14935
11.18000,0.05000,1.10330,0.00000,1.15330
11.19000,0.05000,1.10724,0.00000,1.15724
11.20000,0.05000,1.11119,0.00000,1.16119
11.21000,0.05000,1.11512,0.00000,1.16512
11.22000,0.05000,1.11905,0.00000,1.16905
11.23000,0.05000,1.12297,0.00000,1.17297
11.24000,0.05000,1.12688,0.00000,1.17688
11.25000,0.05000,1.13079,0.00000,1.18079
11.26000,0.05000,1.13469,0.00000,1.18469
11.27000,0.05000,1.13858,0.00000,1.18858
11.28000,0.05000,1.14246,0.00000,1.19246
11.29000,0.05000,1.14633,0.00000,1.19633
11.30000,0.05000,1.15020,0.00000,1.20020
11.31000,0.05000,1.15405,0.00000,1.20405
11.32000,0.05000,1.15789,0.00000,1.20789
11.33000,0.05000,1.16173,0.00000,1.21173
11.34000,0.05000,1.16555,0.00000,1.21555
11.35000,0.05000,1.16936,0.00000,1.21936
11.36000,0.05000,1.17315,0.00000,1.22315
11.37000,0.05000,1.17694,0.00000,1.22694
11.38000,0.05000,1.18071,0.00000,1.23071
11.39000,0.05000,1.18447,0.00000,1.23447
11.40000,0.05000,1.18822,0.00000,1.23822
11.41000,0.05000,1.19195,0.00000,1.24195
11.42000,0.05000,1.19567,0.00000,1.24567
11.43000,0.05000,1.19938,0.00000,1.24938
11.44000,0.05000,1.20307,0.00000,1.25307
11.45000,0.05000,1.20674,0.00000,1.25674
11.46000,0.05000,1.21040,0.00000,1.26040
11.47000,0.05000,1.21404,0.00000,1.26404
11.48000,0.05000,1.21767,0.00000,1.26767
11.49000,0.05000,1.22128,0.00000,1.27128
11.50000,0.05000,1.22487,0.00000,1.27487
11.51000,0.05000,1.22845,0.00000,1.27845
11.52000,0.05000,1.23201,0.00000,1.28201
11.53000,0.05000,1.23555,0.00000,1.28555
11.54000,0.05000,1.23907,0.00000,1.28907
11.55000,0.05000,1.24258,0.00000,1.29258
11.56000,0.05000,1.24606,0.00000,1.29606
11.57000,0.05000,1.24952,0.00000,1.29952
11.58000,0.05000,1.25297,0.00000,1.30297
11.59000,0.05000,1.25640,0.00000,1.30640
11.60000,0.05000,1.25980,0.00000,1.30980
11.61000,0.05000,1.26318,0.00000,1.31318
11.62000,0.05000,1.26655,0.00000,1.31655
11.63000,0.05000,1.26989,0.00000,1.31989
11.64000,0.05000,1.27321,0.00000,1.32321
11.65000,0.05000,1.27651,0.00000,1.32651
11.66000,0.05000,1.27978,0.00000,1.32978
11.67000,0.05000,1.28303,0.00000,1.33303
11.68000,0.05000,1.28626,0.00000,1.33626
11.69000,0.05000,1.28947,0.00000,1.33947
11.70000,0.05000,1.29265,0.00000,1.34265
11.71000,0.05000,1.29581,0.00000,1.34581
11.72000,0.05000,1.29894,0.00000,1.34894
11.73000,0.05000,1.30205,0.00000,1.35205
11.74000,0.05000,1.30514,0.00000,1.35514
11.75000,0.05000,1.30820,0.00000,1.35820
11.76000,0.05000,1.31123,0.00000,1.36123
11.77000,0.05000,1.31424,0.00000,1.36424
11.78000,0.05000,1.31722,0.00000,1.36722
11.79000,0.05000,1.32017,0.00000,1.37017
11.80000,0.05000,1.32310,0.00000,1.37310
11.81000,0.05000,1.32600,0.00000,1.37600
11.82000,0.05000,1.32888,0.00000,1.37888
11.83000,0.05000,1.33172,0.00000,1.38172
11.84000,0.05000,1.33454,0.00000,1.38454
11.85000,0.05000,1.33733,0.00000,1.38733
11.86000,0.05000,1.34009,0.00000,1.39009
11.87000,0.05000,1.34283,0.00000,1.39283
11.88000,0.05000,1.34553,0.00000,1.39553
11.89000,0.05000,1.34821,0.00000,1.39821
11.90000,0.05000,1.35085,0.00000,1.40085
11.91000,0.05000,1.35347,0.00000,1.40347
11.92000,0.05000,1.35605,0.00000,1.40605
11.93000,0.05000,1.35861,0.00000,1.40861
11.94000,0.05000,1.36113,0.00000,1.41113
11.95000,0.05000,1.36363,0.00000,1.41363
11.96000,0.05000,1.36609,0.00000,1.41609
11.97000,0.05000,1.36852,0.00000,1.41852
11.98000,0.05000,1.37092,0.00000,1.42092
11.99000,0.05000,1.37329,0.00000,1.42329
12.00000,0.05000,1.37563,0.00000,1.42563
12.01000,0.05000,1.37793,0.00000,1.42793
12.02000,0.05000,1.38020,0.00000,1.43020
12.03000,0.05000,1.38244,0.00000,1.43244
12.04000,0.05000,1.38465,0.00000,1.43465
12.05000,0.05000,1.38682,0.00000,1.43682
12.06000,0.05000,1.38896,0.00000,1.43896
12.07000,0.05000,1.39107,0.00000,1.44107
12.08000,0.05000,1.39314,0.00000,1.44314
12.09000,0.05000,1.39518,0.00000,1.44518
12.10000,0.05000,1.39718,0.00000,1.44718
12.11000,0.05000,1.39915,0.00000,1.44915
12.12000,0.05000,1.40109,0.00000,1.45109
12.13000,0.05000,1.40299,0.00000,1.45299
12.14000,0.05000,1.40485,0.00000,1.45485
12.15000,0.05000,1.40668,0.00000,1.45668
12.16000,0.05000,1.40848,0.00000,1.45848
12.17000,0.05000,1.41024,0.00000,1.46024
12.18000,0.05000,1.41196,0.00000,1.46196
12.19000,0.05000,1.41365,0.00000,1.46365
12.20000,0.05000,1.41530,0.00000,1.46530
12.21000,0.05000,1.41692,0.00000,1.46692
12.22000,0.05000,1.41850,0.00000,1.46850
12.23000,0.05000,1.42004,0.00000,1.47004
12.24000,0.05000,1.42155,0.00000,1.47155
12.25000,0.05000,1.42302,0.00000,1.47302
12.26000,0.05000,1.42445,0.00000,1.47445
12.27000,0.05000,1.42584,0.00000,1.47584
12.28000,0.05000,1.42720,0.00000,1.47720
12.29000,0.05000,1.42852,0.00000,1.47852
12.30000,0.05000,1.42981,0.00000,1.47981
12.31000,0.05000,1.43105,0.00000,1.48105
12.32000,0.05000,1.43226,0.00000,1.48226
12.33000,0.05000,1.43343,0.00000,1.48343
12.34000,0.05000,1.43457,0.00000,1.48457
12.35000,0.05000,1.43566,0.00000,1.48566
12.36000,0.05000,1.43672,0.00000,1.48672
12.37000,0.05000,1.43773,0.00000,1.48773
12.38000,0.05000,1.43871,0.00000,1.48871
12.39000,0.05000,1.43966,0.00000,1.48966
12.40000,0.05000,1.44056,0.00000,1.49056
12.41000,0.05000,1.44142,0.00000,1.49142
12.42000,0.05000,1.44225,0.00000,1.49225
12.43000,0.05000,1.44303,0.00000,1.49303
12.44000,0.05000,1.44378,0.00000,1.49378
12.45000,0.05000,1.44449,0.00000,1.49449
12.46000,0.05000,1.44516,0.00000,1.49516
12.47000,0.05000,1.44579,0.00000,1.49579
12.48000,0.05000,1.44638,0.00000,1.49638
12.49000,0.05000,1.44693,0.00000,1.49693
12.50000,0.05000,1.44744,0.00000,1.49744
12.51000,0.05000,1.44792,0.00000,1.49792
12.52000,0.05000,1.44835,0.00000,1.49835
12.53000,0.05000,1.44875,0.00000,1.49875
12.54000,0.05000,1.44910,0.00000,1.49910
12.55000,0.05000,1.44942,0.00000,1.49942
12.56000,0.05000,1.44969,0.00000,1.49969
12.57000,0.05000,1.44993,0.00000,1.49993
12.58000,0.05000,1.45012,0.00000,1.50012
12.59000,0.05000,1.45028,0.00000,1.50028
12.60000,0.05000,1.45040,0.00000,1.50040
12.61000,0.05000,1.45048,0.00000,1.50048
12.62000,0.05000,1.45052,0.00000,1.50052
12.63000,0.05000,1.45051,0.00000,1.50051
12.64000,0.05000,1.45047,0.00000,1.50047
12.65000,0.05000,1.45039,0.00000,1.50039
12.66000,0.05000,1.45027,0.00000,1.50027
12.67000,0.05000,1.45011,0.00000,1.50011
12.68000,0.05000,1.44991,0.00000,1.49991
12.69000,0.05000,1.44967,0.00000,1.49967
12.70000,0.05000,1.44939,0.00000,1.49939
12.71000,0.05000,1.44907,0.00000,1.49907
12.72000,0.05000,1.44872,0.00000,1.49872
12.73000,0.05000,1.44832,0.00000,1.49832
12.74000,0.05000,1.44788,0.00000,1.49788
12.75000,0.05000,1.44741,0.00000,1.49741
12.76000,0.05000,1.44689,0.00000,1.49689
12.77000,0.05000,1.44634,0.00000,1.49634
12.78000,0.05000,1.44574,0.00000,1.49574
12.79000,0.05000,1.44511,0.00000,1.49511
12.80000,0.05000,1.44444,0.00000,1.49444
12.81000,0.05000,1.44373,0.00000,1.49373
12.82000,0.05000,1.44297,0.00000,1.49297
12.83000,0.05000,1.44219,0.00000,1.49219
12.84000,0.05000,1.44136,0.00000,1.49136
12.85000,0.05000,1.44049,0.00000,1.49049
12.86000,0.05000,1.43958,0.00000,1.48958
12.87000,0.05000,1.43864,0.00000,1.48864
12.88000,0.05000,1.43766,0.00000,1.48766
12.89000,0.05000,1.43664,0.00000,1.48664
12.90000,0.05000,1.43558,0.00000,1.48558
12.91000,0.05000,1.43448,0.00000,1.48448
12.92000,0.05000,1.43334,0.00000,1.48334
12.93000,0.05000,1.43217,0.00000,1.48217
12.94000,0.05000,1.43096,0.00000,1.48096
12.95000,0.05000,1.42971,0.00000,1.47971
12.96000,0.05000,1.42842,0.00000,1.47842
12.97000,0.05000,1.42710,0.00000,1.47710
12.98000,0.05000,1.42574,0.00000,1.47574
12.99000,0.05000,1.42434,0.00000,1.47434
13.00000,0.05000,1.42290,0.00000,1.47290
13.01000,0.05000,1.42143,0.00000,1.47143
13.02000,0.05000,1.41992,0.00000,1.46992
13.03000,0.05000,1.41838,0.00000,1.46838
13.04000,0.05000,1.41679,0.00000,1.46679
13.05000,0.05000,1.41518,0.00000,1.46518
13.06000,0.05000,1.41352,0.00000,1.46352
13.07000,0.05000,1.41183,0.00000,1.46183
13.08000,0.05000,1.41010,0.00000,1.46010
13.09000,0.05000,1.40834,0.00000,1.45834
13.10000,0.05000,1.40654,0.00000,1.45654
13.11000,0.05000,1.40471,0.00000,1.45471
13.12000,0.05000,1.40284,0.00000,1.45284
13.13000,0.05000,1.40094,0.00000,1.45094
13.14000,0.05000,1.39900,0.00000,1.44900
13.15000,0.05000,1.39703,0.00000,1.44703
13.16000,0.05000,1.39502,0.00000,1.44502
13.17000,0.05000,1.39298,0.00000,1.44298
13.18000,0.05000,1.39090,0.00000,1.44090
13.19000,0.05000,1.38879,0.00000,1.43879
13.20000,0.05000,1.38665,0.00000,1.43665
13.21000,0.05000,1.38448,0.00000,1.43448
13.22000,0.05000,1.38227,0.00000,1.43227
13.23000,0.05000,1.38003,0.00000,1.43003
13.24000,0.05000,1.37775,0.00000,1.42775
13.25000,0.05000,1.37544,0.00000,1.42544
13.26000,0.05000,1.37311,0.00000,1.42311
13.27000,0.05000,1.37073,0.00000,1.42073
13.28000,0.05000,1.36833,0.00000,1.41833
13.29000,0.05000,1.36590,0.00000,1.41590
13.30000,0.05000,1.36343,0.00000,1.41343
13.31000,0.05000,1.36094,0.00000,1.41094
13.32000,0.05000,1.35841,0.00000,1.40841
13.33000,0.05000,1.35585,0.00000,1.40585
13.34000,0.05000,1.35326,0.00000,1.40326
13.35000,0.05000,1.35064,0.00000,1.40064
13.36000,0.05000,1.34799,0.00000,1.39799
13.37000,0.05000,1.34532,0.00000,1.39532
13.38000,0.05000,1.34261,0.00000,1.39261
13.39000,0.05000,1.33987,0.00000,1.38987
13.40000,0.05000,1.33711,0.00000,1.38711
13.41000,0.05000,1.33432,0.00000,1.38432
13.42000,0.05000,1.33150,0.00000,1.38150
13.43000,0.05000,1.32865,0.00000,1.37865
13.44000,0.05000,1.32577,0.00000,1.37577
13.45000,0.05000,1.32287,0.00000,1.37287
13.46000,0.05000,1.31994,0.00000,1.36994
13.47000,0.05000,1.31698,0.00000,1.36698
13.48000,0.05000,1.31399,0.00000,1.36399
13.49000,0.05000,1.31098,0.00000,1.36098
13.50000,0.05000,1.30795,0.00000,1.35795
13.51000,0.05000,1.30489,0.00000,1.35489
13.52000,0.05000,1.30180,0.00000,1.35180
13.53000,0.05000,1.29869,0.00000,1.34869
13.54000,0.05000,1.29555,0.00000,1.34555
13.55000,0.05000,1.29239,0.00000,1.34239
13.56000,0.05000,1.28921,0.00000,1.33921
13.57000,0.05000,1.28600,0.00000,1.33600
13.58000,0.05000,1.28277,0.00000,1.33277
13.59000,0.05000,1.27951,0.00000,1.32951
13.60000,0.05000,1.27623,0.00000,1.32623
13.61000,0.05000,1.27293,0.00000,1.32293
13.62000,0.05000,1.26961,0.00000,1.31961
13.63000,0.05000,1.26627,0.00000,1.31627
13.64000,0.05000,1.26290,0.00000,1.31290
13.65000,0.05000,1.25952,0.00000,1.30952
13.66000,0.05000,1.25611,0.00000,1.30611
13.67000,0.05000,1.25268,0.00000,1.30268
13.68000,0.05000,1.24923,0.00000,1.29923
13.69000,0.05000,1.24577,0.00000,1.29577
13.70000,0.05000,1.24228,0.00000,1.29228
13.71000,0.05000,1.23877,0.00000,1.28877
13.72000,0.05000,1.23525,0.00000,1.28525
13.73000,0.05000,1.23171,0.00000,1.28171
13.74000,0.05000,1.22815,0.00000,1.27815
13.75000,0.05000,1.22457,0.00000,1.27457
13.76000,0.05000,1.22097,0.00000,1.27097
13.77000,0.05000,1.21736,0.00000,1.26736
13.78000,0.05000,1.21373,0.00000,1.26373
13.79000,0.05000,1.21009,0.00000,1.26009
13.80000,0.05000,1.20642,0.00000,1.25642
13.81000,0.05000,1.20275,0.00000,1.25275
13.82000,0.05000,1.19906,0.00000,1.24906
13.83000,0.05000,1.19535,0.00000,1.24535
13.84000,0.05000,1.19163,0.00000,1.24163
13.85000,0.05000,1.18789,0.00000,1.23789
13.86000,0.05000,1.18414,0.00000,1.23414
13.87000,0.05000,1.18038,0.00000,1.23038
13.88000,0.05000,1.17661,0.00000,1.22661
13.89000,0.05000,1.17282,0.00000,1.22282
13.90000,0.05000,1.16902,0.00000,1.21902
13.91000,0.05000,1.16521,0.00000,1.21521
13.92000,0.05000,1.16139,0.00000,1.21139
13.93000,0.05000,1.15755,0.00000,1.20755
13.94000,0.05000,1.15371,0.00000,1.20371
13.95000,0.05000,1.14985,0.00000,1.19985
13.96000,0.05000,1.14599,0.00000,1.19599
13.97000,0.05000,1.14211,0.00000,1.19211
13.98000,0.05000,1.13823,0.00000,1.18823
13.99000,0.05000,1.13434,0.00000,1.18434
14.00000,0.05000,1.13044,0.00000,1.18044
14.01000,0.05000,1.12653,0.00000,1.17653
14.02000,0.05000,1.12261,0.00000,1.17261
14.03000,0.05000,1.11869,0.00000,1.16869
14.04000,0.05000,1.11476,0.00000,1.16476
14.05000,0.05000,1.11082,0.00000,1.16082
14.06000,0.05000,1.10688,0.00000,1.15688
14.07000,0.05000,1.10293,0.00000,1.15293
14.08000,0.05000,1.09898,0.00000,1.14898
14.09000,0.05000,1.09502,0.00000,1.14502
14.10000,0.05000,1.09106,0.00000,1.14106
14.11000,0.05000,1.08709,0.00000,1.13709
14.12000,0.05000,1.08312,0.00000,1.13312
14.13000,0.05000,1.07915,0.00000,1.12915
14.14000,0.05000,1.07517,0.00000,1.12517
14.15000,0.05000,1.07119,0.00000,1.12119
14.16000,0.05000,1.06721,0.00000,1.11721
14.17000,0.05000,1.06323,0.00000,1.11323
14.18000,0.05000,1.05925,0.00000,1.10925
14.19000,0.05000,1.05526,0.00000,1.10526
14.20000,0.05000,1.05127,0.00000,1.10127
14.21000,0.05000,1.04729,0.00000,1.09729
14.22000,0.05000,1.04330,0.00000,1.09330
14.23000,0.05000,1.03932,0.00000,1.08932
14.24000,0.05000,1.03533,0.00000,1.08533
14.25000,0.05000,1.03135,0.00000,1.08135
14.26000,0.05000,1.02737,0.00000,1.07737
14.27000,0.05000,1.02339,0.00000,1.07339
14.28000,0.05000,1.01942,0.00000,1.06942
14.29000,0.05000,1.01544,0.00000,1.06544
14.30000,0.05000,1.01148,0.00000,1.06148
14.31000,0.05000,1.00751,0.00000,1.05751
14.32000,0.05000,1.00355,0.00000,1.05355
14.33000,0.05000,0.99959,0.00000,1.04959
14.34000,0.05000,0.99564,0.00000,1.04564
14.35000,0.05000,0.99169,0.00000,1.04169
14.36000,0.05000,0.98775,0.00000,1.03775
14.37000,0.05000,0.98382,0.00000,1.03382
14.38000,0.05000,0.97989,0.00000,1.02989
14.39000,0.05000,0.97597,0.00000,1.02597
14.40000,0.05000,0.97206,0.00000,1.02206
14.41000,0.05000,0.96815,0.00000,1.01815
14.42000,0.05000,0.96425,0.00000,1.01425
14.43000,0.05000,0.96036,0.00000,1.01036
14.44000,0.05000,0.95648,0.00000,1.00648
14.45000,0.05000,0.95261,0.00000,1.00261
14.46000,0.05000,0.94875,0.00000,0.99875
14.47000,0.05000,0.94490,0.00000,0.99490
14.48000,0.05000,0.94106,0.00000,0.99106
14.49000,0.05000,0.93723,0.00000,0.98723
14.50000,0.05000,0.93341,0.00000,0.98341
14.51000,0.05000,0.92960,0.00000,0.97960
14.52000,0.05000,0.92580,0.00000,0.97580
14.53000,0.05000,0.92202,0.00000,0.97202
14.54000,0.05000,0.91825,0.00000,0.96825
14.55000,0.05000,0.91449,0.00000,0.96449
14.56000,0.05000,0.91075,0.00000,0.96075
14.57000,0.05000,0.90702,0.00000,0.95702
14.58000,0.05000,0.90330,0.00000,0.95330
14.59000,0.05000,0.89960,0.00000,0.94960
14.60000,0.05000,0.89591,0.00000,0.94591
14.61000,0.05000,0.89224,0.00000,0.94224
14.62000,0.05000,0.88858,0.00000,0.93858
14.63000,0.05000,0.88494,0.00000,0.93494
14.64000,0.05000,0.88132,0.00000,0.93132
14.65000,0.05000,0.87771,0.00000,0.92771
14.66000,0.05000,0.87412,0.00000,0.92412
14.67000,0.05000,0.87055,0.00000,0.92055
14.68000,0.05000,0.86700,0.00000,0.91700
14.69000,0.05000,0.86346,0.00000,0.91346
14.70000,0.05000,0.85994,0.00000,0.90994
14.71000,0.05000,0.85644,0.00000,0.90644
14.72000,0.05000,0.85296,0.00000,0.90296
14.73000,0.05000,0.84950,0.00000,0.89950
14.74000,0.05000,0.84606,0.00000,0.89606
14.75000,0.05000,0.84264,0.00000,0.89264
14.76000,0.05000,0.83924,0.00000,0.88924
14.77000,0.05000,0.83586,0.00000,0.88586
14.78000,0.05000,0.83250,0.00000,0.88250
14.79000,0.05000,0.82916,0.00000,0.87916
14.80000,0.05000,0.82585,0.00000,0.87585
14.81000,0.05000,0.82255,0.00000,0.87255
14.82000,0.05000,0.81928,0.00000,0.86928
14.83000,0.05000,0.81604,0.00000,0.86604
14.84000,0.05000,0.81281,0.00000,0.86281
14.85000,0.05000,0.80961,0.00000,0.85961
14.86000,0.05000,0.80644,0.00000,0.85644
14.87000,0.05000,0.80328,0.00000,0.85328
14.88000,0.05000,0.80015,0.00000,0.85015
14.89000,0.05000,0.79705,0.00000,0.84705
14.90000,0.05000,0.79397,0.00000,0.84397
14.91000,0.05000,0.79092,0.00000,0.84092
14.92000,0.05000,0.78789,0.00000,0.83789
14.93000,0.05000,0.78489,0.00000,0.83489
14.94000,0.05000,0.78191,0.00000,0.83191
14.95000,0.05000,0.77896,0.00000,0.82896
14.96000,0.05000,0.77604,0.00000,0.82604
14.97000,0.05000,0.77315,0.00000,0.82315
14.98000,0.05000,0.77028,0.00000,0.82028
14.99000,0.05000,0.76744,0.00000,0.81744
15.00000,0.05000,0.76463,0.00000,0.81463
15.01000,0.05000,0.76184,0.00000,0.81184
15.02000,0.05000,0.75909,0.00000,0.80909
15.03000,0.05000,0.75636,0.00000,0.80636
15.04000,0.05000,0.75366,0.00000,0.80366
15.05000,0.05000,0.75100,0.00000,0.80100
15.06000,0.05000,0.74836,0.00000,0.79836
15.07000,0.05000,0.74575,0.00000,0.79575
15.08000,0.05000,0.74317,0.00000,0.79317
15.09000,0.05000,0.74062,0.00000,0.79062
15.10000,0.05000,0.73811,0.00000,0.78811
15.11000,0.05000,0.73562,0.00000,0.78562
15.12000,0.05000,0.73316,0.00000,0.78316
15.13000,0.05000,0.73074,0.00000,0.78074
15.14000,0.05000,0.72835,0.00000,0.77835
15.15000,0.05000,0.72599,0.00000,0.77599
15.16000,0.05000,0.72366,0.00000,0.77366
15.17000,0.05000,0.72136,0.00000,0.77136
15.18000,0.05000,0.71910,0.00000,0.76910
15.19000,0.05000,0.71687,0.00000,0.76687
15.20000,0.05000,0.71467,0.00000,0.76467
15.21000,0.05000,0.71250,0.00000,0.76250
15.22000,0.05000,0.71037,0.00000,0.76037
15.23000,0.05000,0.70827,0.00000,0.75827
15.24000,0.05000,0.70621,0.00000,0.75621
15.25000,0.05000,0.70418,0.00000,0.75418
15.26000,0.05000,0.70219,0.00000,0.75219
15.27000,0.05000,0.70022,0.00000,0.75022
15.28000,0.05000,0.69830,0.00000,0.74830
15.29000,0.05000,0.69641,0.00000,0.74641
15.30000,0.05000,0.69455,0.00000,0.74455
15.31000,0.05000,0.69273,0.00000,0.74273
15.32000,0.05000,0.69094,0.00000,0.74094
15.33000,0.05000,0.68919,0.00000,0.73919
15.34000,0.05000,0.68748,0.00000,0.73748
15.35000,0.05000,0.68580,0.00000,0.73580
15.36000,0.05000,0.68415,0.00000,0.73415
15.37000,0.05000,0.68255,0.00000,0.73255
15.38000,0.05000,0.68098,0.00000,0.73098
15.39000,0.05000,0.67944,0.00000,0.72944
15.40000,0.05000,0.67794,0.00000,0.72794
15.41000,0.05000,0.67648,0.00000,0.72648
15.42000,0.05000,0.67506,0.00000,0.72506
15.43000,0.05000,0.67367,0.00000,0.72367
15.44000,0.05000,0.67233,0.00000,0.72233
15.45000,0.05000,0.67101,0.00000,0.72101
15.46000,0.05000,0.66974,0.00000,0.71974
15.47000,0.05000,0.66850,0.00000,0.71850
15.48000,0.05000,0.66730,0.00000,0.71730
15.49000,0.05000,0.66614,0.00000,0.71614
15.50000,0.05000,0.66502,0.00000,0.71502
15.51000,0.05000,0.66394,0.00000,0.71394
15.52000,0.05000,0.66289,0.00000,0.71289
15.53000,0.05000,0.66188,0.00000,0.71188
15.54000,0.05000,0.66091,0.00000,0.71091
15.55000,0.05000,0.65998,0.00000,0.70998
15.56000,0.05000,0.65909,0.00000,0.70909
15.57000,0.05000,0.65823,0.00000,0.70823
15.58000,0.05000,0.65742,0.00000,0.70742
15.59000,0.05000,0.65664,0.00000,0.70664
15.60000,0.05000,0.65590,0.00000,0.70590
15.61000,0.05000,0.65521,0.00000,0.70521
15.62000,0.05000,0.65455,0.00000,0.70455
15.63000,0.05000,0.65393,0.00000,0.70393
15.64000,0.05000,0.65335,0.00000,0.70335
15.65000,0.05000,0.65280,0.00000,0.70280
15.66000,0.05000,0.65230,0.00000,0.70230
15.67000,0.05000,0.65184,0.00000,0.70184
15.68000,0.05000,0.65142,0.00000,0.70142
15.69000,0.05000,0.65103,0.00000,0.70103
15.70000,0.05000,0.65069,0.00000,0.70069
15.71000,0.05000,0.65038,0.00000,0.70038
15.72000,0.05000,0.65012,0.00000,0.70012
15.73000,0.05000,0.64989,0.00000,0.69989
15.74000,0.05000,0.64970,0.00000,0.69970
15.75000,0.05000,0.64956,0.00000,0.69956
15.76000,0.05000,0.64945,0.00000,0.69945
15.77000,0.05000,0.64938,0.00000,0.69938
15.78000,0.05000,0.64936,0.00000,0.69936
15.79000,0.05000,0.64937,0.00000,0.69937
15.80000,0.05000,0.64942,0.00000,0.69942
15.81000,0.05000,0.64951,0.00000,0.69951
15.82000,0.05000,0.64964,0.00000,0.69964
15.83000,0.05000,0.64981,0.00000,0.69981
15.84000,0.05000,0.65002,0.00000,0.70002
15.85000,0.05000,0.65027,0.00000,0.70027
15.86000,0.05000,0.65056,0.00000,0.70056
15.87000,0.05000,0.65089,0.00000,0.70089
15.88000,0.05000,0.65126,0.00000,0.70126
15.89000,0.05000,0.65167,0.00000,0.70167
15.90000,0.05000,0.65211,0.00000,0.70211
15.91000,0.05000,0.65260,0.00000,0.70260
15.92000,0.05000,0.65313,0.00000,0.70313
15.93000,0.05000,0.65369,0.00000,0.70369
15.94000,0.05000,0.65430,0.00000,0.70430
15.95000,0.05000,0.65494,0.00000,0.70494
15.96000,0.05000,0.65562,0.00000,0.70562
15.97000,0.05000,0.65635,0.00000,0.70635
15.98000,0.05000,0.65711,0.00000,0.70711
15.99000,0.05000,0.65791,0.00000,0.70791
16.00000,0.05000,0.65875,0.00000,0.70875
16.01000,0.05000,0.65962,0.00000,0.70962
16.02000,0.05000,0.66054,0.00000,0.71054
16.03000,0.05000,0.66149,0.00000,0.71149
16.04000,0.05000,0.66249,0.00000,0.71249
16.05000,0.05000,0.66352,0.00000,0.71352
16.06000,0.05000,0.66459,0.00000,0.71459
16.07000,0.05000,0.66570,0.00000,0.71570
16.08000,0.05000,0.66684,0.00000,0.71684
16.09000,0.05000,0.66803,0.00000,0.71803
16.10000,0.05000,0.66925,0.00000,0.71925
16.11000,0.05000,0.67051,0.00000,0.72051
16.12000,0.05000,0.67180,0.00000,0.72180
16.13000,0.05000,0.67314,0.00000,0.72314
16.14000,0.05000,0.67451,0.00000,0.72451
16.15000,0.05000,0.67592,0.00000,0.72592
16.16000,0.05000,0.67736,0.00000,0.72736
16.17000,0.05000,0.67885,0.00000,0.72885
16.18000,0.05000,0.68037,0.00000,0.73037
16.19000,0.05000,0.68192,0.00000,0.73192
16.20000,0.05000,0.68352,0.00000,0.73352
16.21000,0.05000,0.68515,0.00000,0.73515
16.22000,0.05000,0.68681,0.00000,0.73681
16.23000,0.05000,0.68851,0.00000,0.73851
16.24000,0.05000,0.69025,0.00000,0.74025
16.25000,0.05000,0.69202,0.00000,0.74202
16.26000,0.05000,0.69383,0.00000,0.74383
16.27000,0.05000,0.69567,0.00000,0.74567
16.28000,0.05000,0.69755,0.00000,0.74755
16.29000,0.05000,0.69946,0.00000,0.74946
16.30000,0.05000,0.70141,0.00000,0.75141
16.31000,0.05000,0.70339,0.00000,0.75339
16.32000,0.05000,0.70541,0.00000,0.75541
16.33000,0.05000,0.70746,0.00000,0.75746
16.34000,0.05000,0.70954,0.00000,0.75954
16.35000,0.05000,0.71166,0.00000,0.76166
16.36000,0.05000,0.71381,0.00000,0.76381
16.37000,0.05000,0.71600,0.00000,0.76600
16.38000,0.05000,0.71822,0.00000,0.76822
16.39000,0.05000,0.72047,0.00000,0.77047
16.40000,0.05000,0.72275,0.00000,0.77275
16.41000,0.05000,0.72507,0.00000,0.77507
16.42000,0.05000,0.72742,0.00000,0.77742
16.43000,0.05000,0.72980,0.00000,0.77980
16.44000,0.05000,0.73221,0.00000,0.78221
16.45000,0.05000,0.73465,0.00000,0.78465
16.46000,0.05000,0.73713,0.00000,0.78713
16.47000,0.05000,0.73963,0.00000,0.78963
16.48000,0.05000,0.74217,0.00000,0.79217
16.49000,0.05000,0.74474,0.00000,0.79474
16.50000,0.05000,0.74733,0.00000,0.79733
16.51000,0.05000,0.74996,0.00000,0.79996
16.52000,0.05000,0.75262,0.00000,0.80262
16.53000,0.05000,0.75530,0.00000,0.80530
16.54000,0.05000,0.75802,0.00000,0.80802
16.55000,0.05000,0.76076,0.00000,0.81076
16.56000,0.05000,0.76354,0.00000,0.81354
16.57000,0.05000,0.76634,0.00000,0.81634
16.58000,0.05000,0.76917,0.00000,0.81917
16.59000,0.05000,0.77202,0.00000,0.82202
16.60000,0.05000,0.77491,0.00000,0.82491
16.61000,0.05000,0.77782,0.00000,0.82782
16.62000,0.05000,0.78076,0.00000,0.83076
16.63000,0.05000,0.78373,0.00000,0.83373
16.64000,0.05000,0.78672,0.00000,0.83672
16.65000,0.05000,0.78973,0.00000,0.83973
16.66000,0.05000,0.79278,0.00000,0.84278
16.67000,0.05000,0.79585,0.00000,0.84585
16.68000,0.05000,0.79894,0.00000,0.84894
16.69000,0.05000,0.80206,0.00000,0.85206
16.70000,0.05000,0.80521,0.00000,0.85521
16.71000,0.05000,0.80837,0.00000,0.85837
16.72000,0.05000,0.81157,0.00000,0.86157
16.73000,0.05000,0.81478,0.00000,0.86478
16.74000,0.05000,0.81802,0.00000,0.86802
16.75000,0.05000,0.82128,0.00000,0.87128
16.76000,0.05000,0.82457,0.00000,0.87457
16.77000,0.05000,0.82787,0.00000,0.87787
16.78000,0.05000,0.83120,0.00000,0.88120
16.79000,0.05000,0.83455,0.00000,0.88455
16.80000,0.05000,0.83792,0.00000,0.88792
16.81000,0.05000,0.84132,0.00000,0.89132
16.82000,0.05000,0.84473,0.00000,0.89473
16.83000,0.05000,0.84816,0.00000,0.89816
16.84000,0.05000,0.85162,0.00000,0.90162
16.85000,0.05000,0.85509,0.00000,0.90509
16.86000,0.05000,0.85859,0.00000,0.90859
16.87000,0.05000,0.86210,0.00000,0.91210
16.88000,0.05000,0.86563,0.00000,0.91563
16.89000,0.05000,0.86918,0.00000,0.91918
16.90000,0.05000,0.87274,0.00000,0.92274
16.91000,0.05000,0.87633,0.00000,0.92633
16.92000,0.05000,0.87993,0.00000,0.92993
16.93000,0.05000,0.88355,0.00000,0.93355
16.94000,0.05000,0.88718,0.00000,0.93718
16.95000,0.05000,0.89083,0.00000,0.94083
16.96000,0.05000,0.89450,0.00000,0.94450
16.97000,0.05000,0.89818,0.00000,0.94818
16.98000,0.05000,0.90188,0.00000,0.95188
16.99000,0.05000,0.90559,0.00000,0.95559
17.00000,0.05000,0.90931,0.00000,0.95931
17.01000,0.05000,0.91305,0.00000,0.96305
17.02000,0.05000,0.91681,0.00000,0.96681
17.03000,0.05000,0.92057,0.00000,0.97057
17.04000,0.05000,0.92435,0.00000,0.97435
17.05000,0.05000,0.92815,0.00000,0.97815
17.06000,0.05000,0.93195,0.00000,0.98195
17.07000,0.05000,0.93577,0.00000,0.98577
17.08000,0.05000,0.93959,0.00000,0.98959
17.09000,0.05000,0.94343,0.00000,0.99343
17.10000,0.05000,0.94728,0.00000,0.99728
17.11000,0.05000,0.95114,0.00000,1.00114
17.12000,0.05000,0.95501,0.00000,1.00501
17.13000,0.05000,0.95888,0.00000,1.00888
17.14000,0.05000,0.96277,0.00000,1.01277
17.15000,0.05000,0.96667,0.00000,1.01667
17.16000,0.05000,0.97057,0.00000,1.02057
17.17000,0.05000,0.97448,0.00000,1.02448
17.18000,0.05000,0.97840,0.00000,1.02840
17.19000,0.05000,0.98233,0.00000,1.03233
17.20000,0.05000,0.98626,0.00000,1.03626
17.21000,0.05000,0.99020,0.00000,1.04020
17.22000,0.05000,0.99414,0.00000,1.04414
17.23000,0.05000,0.99809,0.00000,1.04809
17.24000,0.05000,1.00205,0.00000,1.05205
17.25000,0.05000,1.00601,0.00000,1.05601
17.26000,0.05000,1.00998,0.00000,1.05998
17.27000,0.05000,1.01395,0.00000,1.06395
17.28000,0.05000,1.01792,0.00000,1.06792
17.29000,0.05000,1.02189,0.00000,1.07189
17.30000,0.05000,1.02587,0.00000,1.07587
17.31000,0.05000,1.02985,0.00000,1.07985
17.32000,0.05000,1.03384,0.00000,1.08384
17.33000,0.05000,1.03782,0.00000,1.08782
17.34000,0.05000,1.04181,0.00000,1.09181
17.35000,0.05000,1.04579,0.00000,1.09579
17.36000,0.05000,1.04978,0.00000,1.09978
17.37000,0.05000,1.05377,0.00000,1.10377
17.38000,0.05000,1.05775,0.00000,1.10775
17.39000,0.05000,1.06174,0.00000,1.11174
17.40000,0.05000,1.06572,0.00000,1.11572
17.41000,0.05000,1.06971,0.00000,1.11971
17.42000,0.05000,1.07369,0.00000,1.12369
17.43000,0.05000,1.07767,0.00000,1.12767
17.44000,0.05000,1.08164,0.00000,1.13164
17.45000,0.05000,1.08562,0.00000,1.13562
17.46000,0.05000,1.08959,0.00000,1.13959
17.47000,0.05000,1.09355,0.00000,1.14355
17.48000,0.05000,1.09751,0.00000,1.14751
17.49000,0.05000,1.10147,0.00000,1.15147
17.50000,0.05000,1.10542,0.00000,1.15542
17.51000,0.05000,1.10937,0.00000,1.15937
17.52000,0.05000,1.11331,0.00000,1.16331
17.53000,0.05000,1.11724,0.00000,1.16724
17.54000,0.05000,1.12117,0.00000,1.17117
17.55000,0.05000,1.12509,0.00000,1.17509
17.56000,0.05000,1.12900,0.00000,1.17900
17.57000,0.05000,1.13291,0.00000,1.18291
17.58000,0.05000,1.13680,0.00000,1.18680
17.59000,0.05000,1.14069,0.00000,1.19069
17.60000,0.05000,1.14457,0.00000,1.19457
17.61000,0.05000,1.14844,0.00000,1.19844
17.62000,0.05000,1.15230,0.00000,1.20230
17.63000,0.05000,1.15615,0.00000,1.20615
17.64000,0.05000,1.15999,0.00000,1.20999
17.65000,0.05000,1.16382,0.00000,1.21382
17.66000,0.05000,1.16764,0.00000,1.21764
17.67000,0.05000,1.17144,0.00000,1.22144
17.68000,0.05000,1.17524,0.00000,1.22524
17.69000,0.05000,1.17902,0.00000,1.22902
17.70000,0.05000,1.18279,0.00000,1.23279
17.71000,0.05000,1.18654,0.00000,1.23654
17.72000,0.05000,1.19028,0.00000,1.24028
17.73000,0.05000,1.19401,0.00000,1.24401
17.74000,0.05000,1.19773,0.00000,1.24773
17.75000,0.05000,1.20142,0.00000,1.25142
17.76000,0.05000,1.20511,0.00000,1.25511
17.77000,0.05000,1.20878,0.00000,1.25878
17.78000,0.05000,1.21243,0.00000,1.26243
17.79000,0.05000,1.21607,0.00000,1.26607
17.80000,0.05000,1.21969,0.00000,1.26969
17.81000,0.05000,1.22329,0.00000,1.27329
17.82000,0.05000,1.22688,0.00000,1.27688
17.83000,0.05000,1.23045,0.00000,1.28045
17.84000,0.05000,1.23400,0.00000,1.28400
17.85000,0.05000,1.23753,0.00000,1.28753
17.86000,0.05000,1.24105,0.00000,1.29105
17.87000,0.05000,1.24454,0.00000,1.29454
17.88000,0.05000,1.24802,0.00000,1.29802
17.89000,0.05000,1.25148,0.00000,1.30148
17.90000,0.05000,1.25491,0.00000,1.30491
17.91000,0.05000,1.25833,0.00000,1.30833
17.92000,0.05000,1.26173,0.00000,1.31173
17.93000,0.05000,1.26510,0.00000,1.31510
17.94000,0.05000,1.26845,0.00000,1.31845
17.95000,0.05000,1.27179,0.00000,1.32179
17.96000,0.05000,1.27510,0.00000,1.32510
17.97000,0.05000,1.27838,0.00000,1.32838
17.98000,0.05000,1.28165,0.00000,1.33165
17.99000,0.05000,1.28489,0.00000,1.33489
18.00000,0.05000,1.28811,0.00000,1.33811
18.01000,0.05000,1.29131,0.00000,1.34131
18.02000,0.05000,1.29448,0.00000,1.34448
18.03000,0.05000,1.29763,0.00000,1.34763
18.04000,0.05000,1.30075,0.00000,1.35075
18.05000,0.05000,1.30385,0.00000,1.35385
18.06000,0.05000,1.30692,0.00000,1.35692
18.07000,0.05000,1.30997,0.00000,1.35997
18.08000,0.05000,1.31299,0.00000,1.36299
18.09000,0.05000,1.31598,0.00000,1.36598
18.10000,0.05000,1.31895,0.00000,1.36895
18.11000,0.05000,1.32190,0.00000,1.37190
18.12000,0.05000,1.32481,0.00000,1.37481
18.13000,0.05000,1.32770,0.00000,1.37770
18.14000,0.05000,1.33056,0.00000,1.38056
18.15000,0.05000,1.33340,0.00000,1.38340
18.16000,0.05000,1.33620,0.00000,1.38620
18.17000,0.05000,1.33898,0.00000,1.38898
18.18000,0.05000,1.34173,0.00000,1.39173
18.19000,0.05000,1.34445,0.00000,1.39445
18.20000,0.05000,1.34714,0.00000,1.39714
18.21000,0.05000,1.34980,0.00000,1.39980
18.22000,0.05000,1.35243,0.00000,1.40243
18.23000,0.05000,1.35503,0.00000,1.40503
18.24000,0.05000,1.35760,0.00000,1.40760
18.25000,0.05000,1.36014,0.00000,1.41014
18.26000,0.05000,1.36265,0.00000,1.41265
18.27000,0.05000,1.36513,0.00000,1.41513
18.28000,0.05000,1.36758,0.00000,1.41758
18.29000,0.05000,1.37000,0.00000,1.42000
18.30000,0.05000,1.37238,0.00000,1.42238
18.31000,0.05000,1.37473,0.00000,1.42473
18.32000,0.05000,1.37706,0.00000,1.42706
18.33000,0.05000,1.37934,0.00000,1.42934
18.34000,0.05000,1.38160,0.00000,1.43160
18.35000,0.05000,1.38382,0.00000,1.43382
18.36000,0.05000,1.38601,0.00000,1.43601
18.37000,0.05000,1.38817,0.00000,1.43817
18.38000,0.05000,1.39029,0.00000,1.44029
18.39000,0.05000,1.39238,0.00000,1.44238
18.40000,0.05000,1.39444,0.00000,1.44444
18.41000,0.05000,1.39646,0.00000,1.44646
18.42000,0.05000,1.39845,0.00000,1.44845
18.43000,0.05000,1.40040,0.00000,1.45040
18.44000,0.05000,1.40232,0.00000,1.45232
18.45000,0.05000,1.40420,0.00000,1.45420
18.46000,0.05000,1.40605,0.00000,1.45605
18.47000,0.05000,1.40786,0.00000,1.45786
18.48000,0.05000,1.40964,0.00000,1.45964
18.49000,0.05000,1.41138,0.00000,1.46138
18.50000,0.05000,1.41309,0.00000,1.46309
18.51000,0.05000,1.41476,0.00000,1.46476
18.52000,0.05000,1.41639,0.00000,1.46639
18.53000,0.05000,1.41799,0.00000,1.46799
18.54000,0.05000,1.41955,0.00000,1.46955
18.55000,0.05000,1.42107,0.00000,1.47107
18.56000,0.05000,1.42256,0.00000,1.47256
18.57000,0.05000,1.42401,0.00000,1.47401
18.58000,0.05000,1.42543,0.00000,1.47543
18.59000,0.05000,1.42680,0.00000,1.47680
18.60000,0.05000,1.42814,0.00000,1.47814
18.61000,0.05000,1.42945,0.00000,1.47945
18.62000,0.05000,1.43071,0.00000,1.48071
18.63000,0.05000,1.43194,0.00000,1.48194
18.64000,0.05000,1.43313,0.00000,1.48313
18.65000,0.05000,1.43428,0.00000,1.48428
18.66000,0.05000,1.43539,0.00000,1.48539
18.67000,0.05000,1.43647,0.00000,1.48647
18.68000,0.05000,1.43750,0.00000,1.48750
18.69000,0.05000,1.43850,0.00000,1.48850
18.70000,0.05000,1.43946,0.00000,1.48946
18.71000,0.05000,1.44038,0.00000,1.49038
18.72000,0.05000,1.44126,0.00000,1.49126
18.73000,0.05000,1.44211,0.00000,1.49211
18.74000,0.05000,1.44291,0.00000,1.49291
18.75000,0.05000,1.44368,0.00000,1.49368
18.76000,0.05000,1.44441,0.00000,1.49441
18.77000,0.05000,1.44510,0.00000,1.49510
18.78000,0.05000,1.44574,0.00000,1.49574
18.79000,0.05000,1.44635,0.00000,1.49635
18.80000,0.05000,1.44693,0.00000,1.49693
18.81000,0.05000,1.44746,0.00000,1.49746
18.82000,0.05000,1.44795,0.00000,1.49795
18.83000,0.05000,1.44840,0.00000,1.49840
18.84000,0.05000,1.44881,0.00000,1.49881
18.85000,0.05000,1.44919,0.00000,1.49919
18.86000,0.05000,1.44952,0.00000,1.49952
18.87000,0.05000,1.44982,0.00000,1.49982
18.88000,0.05000,1.45007,0.00000,1.50007
18.89000,0.05000,1.45029,0.00000,1.50029
18.90000,0.05000,1.45046,0.00000,1.50046
18.91000,0.05000,1.45060,0.00000,1.50060
18.92000,0.05000,1.45070,0.00000,1.50070
18.93000,0.05000,1.45075,0.00000,1.50075
18.94000,0.05000,1.45077,0.00000,1.50077
18.95000,0.05000,1.45075,0.00000,1.50075
18.96000,0.05000,1.45069,0.00000,1.50069
18.97000,0.05000,1.45058,0.00000,1.50058
18.98000,0.05000,1.45044,0.00000,1.50044
18.99000,0.05000,1.45026,0.00000,1.50026
19.00000,0.05000,1.45004,0.00000,1.50004
19.01000,0.05000,1.44978,0.00000,1.49978
19.02000,0.05000,1.44948,0.00000,1.49948
19.03000,0.05000,1.44914,0.00000,1.49914
19.04000,0.05000,1.44876,0.00000,1.49876
19.05000,0.05000,1.44834,0.00000,1.49834
19.06000,0.05000,1.44788,0.00000,1.49788
19.07000,0.05000,1.44739,0.00000,1.49739
19.08000,0.05000,1.44685,0.00000,1.49685
19.09000,0.05000,1.44627,0.00000,1.49627
19.10000,0.05000,1.44566,0.00000,1.49566
19.11000,0.05000,1.44501,0.00000,1.49501
19.12000,0.05000,1.44431,0.00000,1.49431
19.13000,0.05000,1.44358,0.00000,1.49358
19.14000,0.05000,1.44281,0.00000,1.49281
19.15000,0.05000,1.44200,0.00000,1.49200
19.16000,0.05000,1.44115,0.00000,1.49115
19.17000,0.05000,1.44026,0.00000,1.49026
19.18000,0.05000,1.43933,0.00000,1.48933
19.19000,0.05000,1.43837,0.00000,1.48837
19.20000,0.05000,1.43737,0.00000,1.48737
19.21000,0.05000,1.43632,0.00000,1.48632
19.22000,0.05000,1.43524,0.00000,1.48524
19.23000,0.05000,1.43412,0.00000,1.48412
19.24000,0.05000,1.43297,0.00000,1.48297
19.25000,0.05000,1.43177,0.00000,1.48177
19.26000,0.05000,1.43054,0.00000,1.48054
19.27000,0.05000,1.42927,0.00000,1.47927
19.28000,0.05000,1.42797,0.00000,1.47797
19.29000,0.05000,1.42662,0.00000,1.47662
19.30000,0.05000,1.42524,0.00000,1.47524
19.31000,0.05000,1.42382,0.00000,1.47382
19.32000,0.05000,1.42236,0.00000,1.47236
19.33000,0.05000,1.42087,0.00000,1.47087
19.34000,0.05000,1.41934,0.00000,1.46934
19.35000,0.05000,1.41777,0.00000,1.46777
19.36000,0.05000,1.41617,0.00000,1.46617
19.37000,0.05000,1.41453,0.00000,1.46453
19.38000,0.05000,1.41286,0.00000,1.46286
19.39000,0.05000,1.41115,0.00000,1.46115
19.40000,0.05000,1.40940,0.00000,1.45940
19.41000,0.05000,1.40762,0.00000,1.45762
19.42000,0.05000,1.40580,0.00000,1.45580
19.43000,0.05000,1.40395,0.00000,1.45395
19.44000,0.05000,1.40206,0.00000,1.45206
19.45000,0.05000,1.40014,0.00000,1.45014
19.46000,0.05000,1.39818,0.00000,1.44818
19.47000,0.05000,1.39619,0.00000,1.44619
19.48000,0.05000,1.39416,0.00000,1.44416
19.49000,0.05000,1.39210,0.00000,1.44210
19.50000,0.05000,1.39000,0.00000,1.44000
19.51000,0.05000,1.38788,0.00000,1.43788
19.52000,0.05000,1.38572,0.00000,1.43572
19.53000,0.05000,1.38352,0.00000,1.43352
19.54000,0.05000,1.38129,0.00000,1.43129
19.55000,0.05000,1.37903,0.00000,1.42903
19.56000,0.05000,1.37674,0.00000,1.42674
19.57000,0.05000,1.37441,0.00000,1.42441
19.58000,0.05000,1.37206,0.00000,1.42206
19.59000,0.05000,1.36967,0.00000,1.41967
19.60000,0.05000,1.36725,0.00000,1.41725
19.61000,0.05000,1.36479,0.00000,1.41479
19.62000,0.05000,1.36231,0.00000,1.41231
19.63000,0.05000,1.35980,0.00000,1.40980
19.64000,0.05000,1.35725,0.00000,1.40725
19.65000,0.05000,1.35467,0.00000,1.40467
19.66000,0.05000,1.35207,0.00000,1.40207
19.67000,0.05000,1.34943,0.00000,1.39943
19.68000,0.05000,1.34677,0.00000,1.39677
19.69000,0.05000,1.34407,0.00000,1.39407
19.70000,0.05000,1.34135,0.00000,1.39135
19.71000,0.05000,1.33860,0.00000,1.38860
19.72000,0.05000,1.33582,0.00000,1.38582
19.73000,0.05000,1.33301,0.00000,1.38301
19.74000,0.05000,1.33017,0.00000,1.38017
19.75000,0.05000,1.32730,0.00000,1.37730
19.76000,0.05000,1.32441,0.00000,1.37441
19.77000,0.05000,1.32149,0.00000,1.37149
19.78000,0.05000,1.31854,0.00000,1.36854
19.79000,0.05000,1.31557,0.00000,1.36557
19.80000,0.05000,1.31257,0.00000,1.36257
19.81000,0.05000,1.30954,0.00000,1.35954
19.82000,0.05000,1.30649,0.00000,1.35649
19.83000,0.05000,1.30342,0.00000,1.35342
19.84000,0.05000,1.30031,0.00000,1.35031
19.85000,0.05000,1.29719,0.00000,1.34719
19.86000,0.05000,1.29404,0.00000,1.34404
19.87000,0.05000,1.29086,0.00000,1.34086
19.88000,0.05000,1.28766,0.00000,1.33766
19.89000,0.05000,1.28444,0.00000,1.33444
19.90000,0.05000,1.28119,0.00000,1.33119
19.91000,0.05000,1.27792,0.00000,1.32792
19.92000,0.05000,1.27463,0.00000,1.32463
19.93000,0.05000,1.27132,0.00000,1.32132
19.94000,0.05000,1.26798,0.00000,1.31798
19.95000,0.05000,1.26462,0.00000,1.31462
19.96000,0.05000,1.26125,0.00000,1.31125
19.97000,0.05000,1.25785,0.00000,1.30785
19.98000,0.05000,1.25443,0.00000,1.30443
19.99000,0.05000,1.25099,0.00000,1.30099
20.00000,0.05000,1.24753,0.00000,1.29753
